Treat,Rep,Block,Day,IniTopAd,IniTopNym,IniBotAd,IniBotNym,A1TopAd,A1TopNym,A1BotAd,A1BotNym,A2TopAd,A2TopNym,A2BotAd,A2BotNym,A3TopAd,A3TopNym,A3BotAd,A3BotNym,B1TopAd,B1TopNym,B1BotAd,B1BotNym,B2TopAd,B2TopNym,B2BotAd,B2BotNym,B3TopAd,B3TopNym,B3BotAd,B3BotNym,C1TopAd,C1TopNym,C1BotAd,C1BotNym,C2TopAd,C2TopNym,C2BotAd,C2BotNym,C3TopAd,C3TopNym,C3BotAd,C3BotNym,Adtot,Nymtot,Poptot,IGR,Popred,propcol,nymchange,adjrepro,adtop,nymtop,addist,nymdist,centtot,centprop
C,1,1,2,17,32,7,12,2,7,0,14,1,1,1,0,1,9,0,1,3,7,0,0,5,57,0,43,0,0,0,3,4,19,0,0,2,5,1,0,3,7,0,4,23,177,200,7.375,-14.5,1,133,5.782608696,0.913043478,0.632768362,19.25217391,11.55412429,105,0.525
HCHC,1,1,2,16,19,12,19,1,0,0,2,0,0,1,0,1,7,0,0,1,8,0,0,6,61,1,48,1,5,0,0,0,0,0,0,0,0,0,1,1,3,0,0,13,135,148,4.821428571,27.5,0.888888889,97,7.461538462,0.846153846,0.622222222,11.14153846,4.587851852,116,0.783783784
HCC7,1,1,2,11,25,14,15,0,0,2,1,1,1,1,0,0,0,0,1,0,0,0,1,2,36,0,0,0,0,0,0,0,0,0,0,1,3,1,0,4,26,0,1,12,70,82,2.8,92.5,0.777777778,30,2.5,0.666666667,0.942857143,20.80666667,13.14457143,38,0.463414634
HCPT,1,1,2,2,11,22,37,1,0,1,1,1,11,0,0,1,0,1,2,0,2,0,0,6,24,0,88,1,12,0,0,0,0,0,1,1,6,1,3,2,2,1,4,17,156,173,6.5,6.5,1,108,6.352941176,0.764705882,0.365384615,16.35058824,6.171794872,118,0.682080925
C7C7,1,1,2,15,39,10,13,0,0,0,0,0,0,1,0,1,3,0,1,1,9,0,0,4,51,0,8,1,0,0,3,1,7,0,0,1,10,0,0,1,7,1,9,12,108,120,4.32,54.5,0.888888889,56,4.666666667,0.833333333,0.805555556,16.09333333,11.14407407,63,0.525
C7PT,1,1,2,12,21,13,34,2,0,0,0,0,0,0,3,1,7,0,3,0,3,0,0,4,48,0,24,2,9,0,5,1,0,0,1,3,12,1,6,0,7,0,7,14,135,149,5.4,27.5,1,80,5.714285714,0.928571429,0.637037037,16.65142857,10.86666667,76,0.510067114
PTPT,1,1,2,9,16,14,43,2,11,2,2,0,4,0,4,6,26,0,4,0,0,0,0,2,40,0,55,1,4,0,4,1,6,1,0,0,1,0,0,1,7,1,3,17,171,188,7.434782609,-8.5,0.888888889,112,6.588235294,0.764705882,0.578947368,24.46588235,11.74573099,97,0.515957447
C,2,1,2,10,19,5,21,2,8,0,5,1,11,1,6,1,5,0,3,0,0,0,0,7,59,0,30,0,0,0,1,0,1,1,0,3,5,0,0,1,1,0,2,17,137,154,9.133333333,25.5,0.888888889,97,5.705882353,0.882352941,0.656934307,14.2,8.518248175,96,0.623376623
HCHC,2,1,2,15,17,7,30,0,0,0,0,1,0,0,0,4,4,0,0,0,6,0,0,6,43,0,24,0,2,0,4,3,4,0,0,3,1,0,1,0,0,0,0,17,89,106,4.045454545,73.5,0.777777778,42,2.470588235,1,0.674157303,16.35058824,5.688089888,73,0.688679245
HCC7,2,1,2,11,33,17,35,1,0,1,0,2,3,1,0,1,1,0,0,0,0,0,2,0,64,1,7,1,4,0,1,1,10,0,0,4,2,0,1,6,3,1,4,20,102,122,3.642857143,60.5,1,34,1.7,0.8,0.852941176,23.554,7.539607843,72,0.590163934
HCPT,2,1,2,22,46,4,29,1,0,2,5,4,8,0,3,3,8,1,2,3,13,1,4,3,103,0,9,1,3,0,2,2,13,1,1,1,0,0,0,0,0,0,3,23,177,200,6.807692308,-14.5,1,102,4.434782609,0.782608696,0.836158192,20.99130435,8.841581921,115,0.575
C7C7,2,1,2,12,30,9,56,2,19,0,0,1,5,0,5,0,0,0,0,3,6,0,0,6,68,0,15,1,2,0,0,4,27,0,2,2,1,0,2,1,1,0,0,20,153,173,7.285714286,9.5,0.888888889,67,3.35,1,0.843137255,16.898,11.8020915,89,0.514450867
C7PT,2,1,2,8,14,9,26,1,0,1,0,0,1,0,0,1,11,0,4,1,0,0,0,1,18,2,7,1,3,0,0,3,12,0,0,2,19,0,0,3,20,0,7,16,102,118,6,60.5,1,62,3.875,0.8125,0.823529412,20.9075,19.48156863,28,0.237288136
PTPT,2,1,2,11,24,6,14,5,22,0,0,1,5,0,1,1,1,0,0,3,10,0,4,3,27,0,50,0,0,0,0,3,16,0,2,4,9,0,2,3,13,0,0,23,162,185,9.529411765,0.5,0.888888889,124,5.391304348,1,0.635802469,21.71130435,13.25382716,80,0.432432432
C,3,1,2,18,34,5,35,0,0,1,0,3,4,0,1,3,5,0,0,0,2,1,1,8,90,2,43,1,4,0,7,4,12,0,3,0,1,0,1,2,8,0,4,25,186,211,8.086956522,-23.5,1,117,4.68,0.84,0.677419355,15.312,7.12344086,143,0.677725118
HCHC,3,1,2,17,46,4,17,0,1,2,0,0,0,0,1,0,3,0,1,2,3,0,0,4,94,0,0,0,0,0,1,4,8,0,3,1,15,0,0,1,0,0,1,14,131,145,6.238095238,31.5,1,68,4.857142857,0.857142857,0.946564885,18.42571429,6.723358779,98,0.675862069
HCC7,3,1,2,17,35,6,25,0,0,0,0,0,0,0,4,1,8,0,6,0,0,0,0,4,70,0,13,0,0,0,0,4,5,0,0,2,4,0,0,2,2,0,1,13,113,126,4.913043478,49.5,0.666666667,53,4.076923077,1,0.787610619,18.30461538,6.921769912,87,0.69047619
HCPT,3,1,2,9,26,12,48,0,0,0,0,2,5,0,2,3,10,1,3,2,1,0,0,4,90,2,51,0,0,0,0,2,10,2,5,0,0,0,0,0,0,1,0,19,177,196,8.428571429,-14.5,0.666666667,103,5.421052632,0.684210526,0.655367232,17.60631579,5.377627119,147,0.75
C7C7,3,1,2,13,27,10,36,0,0,0,0,0,0,0,0,1,0,0,0,1,1,0,0,12,33,0,0,0,0,0,0,1,3,0,0,0,0,1,4,0,0,0,3,16,44,60,1.913043478,118.5,0.666666667,-19,-1.1875,0.9375,0.840909091,6.035,6.129090909,45,0.75
C7PT,3,1,2,14,30,8,34,1,0,0,1,2,6,2,12,1,18,0,1,2,6,0,2,2,59,1,11,1,6,0,0,5,7,0,0,1,2,1,1,0,0,0,0,19,132,151,6,30.5,0.888888889,68,3.578947368,0.789473684,0.787878788,19.89263158,11.08757576,73,0.483443709
PTPT,3,1,2,10,33,11,40,0,0,2,5,1,3,0,1,1,2,1,4,5,9,0,9,3,40,2,47,0,0,0,0,1,3,1,5,2,17,0,0,0,1,0,2,19,148,167,7.047619048,14.5,0.888888889,75,3.947368421,0.684210526,0.506756757,17.35157895,9.474054054,92,0.550898204
C,4,1,2,12,31,11,42,2,0,0,3,1,18,0,5,1,3,1,0,0,0,0,0,4,48,1,10,0,0,0,0,0,5,0,0,2,0,0,0,3,11,0,2,15,105,120,4.565217391,57.5,0.777777778,32,2.133333333,0.866666667,0.80952381,17.19733333,10.84495238,63,0.525
HCHC,4,1,2,12,15,10,21,0,0,0,0,4,7,0,0,7,5,0,0,0,0,0,1,0,48,1,5,0,0,0,3,1,0,0,0,1,0,0,2,4,1,0,0,18,72,90,3.272727273,90.5,0.888888889,36,2,0.944444444,0.847222222,24.40888889,5.967777778,54,0.6
HCC7,4,1,2,15,20,8,32,0,9,0,0,1,5,0,0,1,5,0,2,0,0,0,0,4,35,1,5,1,0,0,2,3,4,0,2,1,0,0,0,3,4,0,1,15,74,89,3.217391304,88.5,0.888888889,22,1.466666667,0.933333333,0.837837838,17.19733333,12.21027027,45,0.505617978
HCPT,4,1,2,16,22,9,41,0,7,2,7,2,3,0,5,0,0,1,3,0,9,0,0,1,45,0,10,2,9,0,0,4,5,0,0,0,0,0,0,3,6,0,0,15,109,124,4.36,53.5,0.888888889,46,3.066666667,0.8,0.770642202,24.18666667,12.03522936,56,0.451612903
C7C7,4,1,2,12,32,11,35,0,0,1,0,0,0,1,5,2,14,0,0,2,1,0,1,3,42,0,4,1,12,0,0,1,3,0,0,1,0,0,3,2,16,0,0,14,101,115,4.391304348,61.5,1,34,2.428571429,0.857142857,0.871287129,19.26285714,13.59643564,49,0.426086957
C7PT,4,1,2,14,22,11,27,0,4,0,0,4,14,0,0,1,0,0,0,4,17,0,0,2,52,0,46,4,5,0,0,1,3,0,0,0,0,0,0,3,12,0,0,19,153,172,6.12,9.5,0.888888889,104,5.473684211,1,0.699346405,20.07368421,8.217777778,100,0.581395349
PTPT,4,1,2,7,22,11,22,1,1,0,2,3,5,0,0,1,2,0,0,0,1,0,0,2,27,0,0,0,0,1,0,1,5,1,8,0,0,0,5,1,3,1,2,12,61,73,3.388888889,101.5,1,17,1.416666667,0.75,0.721311475,20.80666667,14.2695082,29,0.397260274
C,5,1,2,13,31,9,21,1,14,0,0,0,0,0,0,1,0,0,0,4,5,0,8,8,59,0,47,0,0,0,0,2,8,0,2,4,0,0,0,1,2,0,0,21,145,166,6.590909091,17.5,0.777777778,93,4.428571429,1,0.606896552,14.35238095,6.864,114,0.686746988
HCHC,5,1,2,14,20,12,44,1,1,0,0,0,0,1,0,1,10,0,4,0,2,0,2,5,49,1,84,0,0,0,0,2,6,0,9,1,3,0,0,0,0,2,5,14,175,189,6.730769231,-12.5,0.888888889,111,7.928571429,0.714285714,0.405714286,14.97714286,6.456,139,0.735449735
HCC7,5,1,2,16,17,12,40,0,0,0,0,1,0,0,1,0,0,1,1,0,1,1,8,9,49,0,3,2,0,0,14,0,0,0,1,0,0,1,6,1,2,0,2,16,88,104,3.142857143,74.5,0.888888889,31,1.9375,0.8125,0.590909091,9.785,8.746363636,61,0.586538462
HCPT,5,1,2,12,36,10,30,1,4,0,4,1,0,0,0,1,1,1,1,0,0,0,4,3,57,1,44,1,3,2,5,1,0,0,4,1,2,0,0,0,0,0,2,13,131,144,5.954545455,31.5,1,65,5,0.692307692,0.511450382,16.39384615,5.591450382,105,0.729166667
C7C7,5,1,2,15,20,7,60,4,7,0,0,1,8,0,0,2,12,0,3,0,1,0,0,5,87,0,11,0,0,0,0,0,1,0,1,2,2,1,5,1,7,0,8,16,153,169,6.954545455,9.5,0.888888889,73,4.5625,0.9375,0.816993464,17.3725,9.300130719,103,0.609467456
C7PT,5,1,2,10,13,7,38,2,1,1,1,1,5,0,4,0,0,0,0,1,4,0,0,8,53,0,4,0,0,0,2,1,17,1,3,2,5,0,0,2,9,0,3,19,111,130,6.529411765,51.5,0.888888889,60,3.157894737,0.894736842,0.846846847,14.62947368,12.26594595,65,0.5
PTPT,5,1,2,15,38,8,18,2,7,1,4,1,8,0,0,2,7,0,0,2,8,0,1,5,66,1,35,0,0,0,3,3,11,0,0,0,0,0,3,4,6,0,1,21,160,181,6.956521739,2.5,1,104,4.952380952,0.904761905,0.70625,19.01714286,9.238,107,0.591160221
C,6,1,2,2,6,18,27,3,10,0,6,2,18,0,4,2,14,0,1,0,0,0,0,3,64,1,60,1,3,0,0,5,23,0,6,2,9,0,1,1,0,2,6,22,225,247,11.25,-62.5,0.888888889,192,8.727272727,0.863636364,0.626666667,21.25636364,11.40657778,128,0.518218623
HCHC,6,1,2,13,40,8,30,1,8,1,0,2,4,0,8,1,9,0,1,0,1,0,1,5,72,0,10,1,2,0,0,0,1,2,1,0,5,1,0,1,3,0,0,15,126,141,6,36.5,1,56,3.733333333,0.733333333,0.833333333,16.64533333,8.495555556,87,0.617021277
C7C7,6,1,2,12,25,9,19,0,0,0,1,1,6,0,1,1,2,0,0,3,2,1,2,3,69,0,2,0,0,0,1,1,9,0,1,4,7,0,3,2,5,0,0,16,111,127,5.285714286,51.5,1,67,4.1875,0.9375,0.900900901,18.32,8.54990991,74,0.582677165
PTPT,6,1,2,16,30,6,26,2,12,0,2,1,1,1,2,0,0,1,0,0,0,0,0,6,110,0,28,0,0,0,0,2,11,0,2,1,2,1,2,3,9,0,4,18,185,203,8.409090909,-22.5,0.777777778,129,7.166666667,0.833333333,0.783783784,17.01333333,6.871351351,144,0.709359606
C,1,1,4,17,32,7,12,3,8,3,22,1,7,0,2,1,19,0,1,2,24,0,8,1,79,0,47,0,0,0,7,0,22,0,16,3,9,1,5,4,32,0,9,19,317,336,13.20833333,-78.83334,1,140,7.368421053,0.789473684,0.630914826,23.74105263,15.41993691,127,0.37797619
HCHC,1,1,4,16,19,12,19,1,7,0,0,0,4,0,0,0,9,0,0,0,9,0,2,1,70,0,7,0,6,0,2,0,0,1,1,0,0,0,1,0,0,0,2,3,120,123,4.285714286,118.16666,1,-15,-5,0.666666667,0.875,18.85333333,8.477666667,78,0.634146341
HCC7,1,1,4,11,25,14,15,1,5,0,0,0,0,0,0,0,0,0,0,0,0,0,0,0,42,0,2,0,0,0,0,0,0,0,0,0,0,0,0,0,18,0,0,1,67,68,2.68,171.16666,0.333333333,-3,-3,1,0.970149254,28.28,9.708059701,44,0.647058824
HCPT,1,1,4,2,11,22,37,2,1,1,2,1,10,1,1,1,0,0,3,0,1,0,2,2,41,0,31,1,14,0,0,1,6,0,1,1,6,0,11,3,11,1,6,15,147,162,6.125,91.16666,1,-9,-0.6,0.8,0.612244898,22.30133333,11.89387755,74,0.456790123
C7C7,1,1,4,15,39,10,13,1,0,0,0,0,0,0,1,2,13,0,2,1,20,0,1,0,63,0,1,0,0,1,8,2,19,0,0,2,7,0,1,0,7,0,2,9,145,154,5.8,93.16666,1,37,4.111111111,0.888888889,0.889655172,24.6,13.62786207,64,0.415584416
C7PT,1,1,4,12,21,13,34,0,0,0,0,0,0,0,3,0,8,1,2,1,1,0,0,0,68,0,31,0,1,0,11,4,3,0,2,2,22,0,5,0,7,0,4,8,168,176,6.72,70.16666,0.888888889,33,4.125,0.875,0.654761905,25.175,9.495714286,99,0.5625
PTPT,1,1,4,9,16,14,43,2,29,0,7,1,4,1,4,2,36,0,19,1,0,1,1,1,51,0,35,0,10,0,9,1,9,2,3,1,8,0,3,4,11,0,9,17,248,265,10.7826087,-9.83334,1,77,4.529411765,0.764705882,0.637096774,24.18117647,17.17112903,87,0.328301887
C,2,1,4,10,19,5,21,1,27,1,3,1,19,0,3,1,10,0,5,1,6,0,0,2,101,0,31,1,0,0,2,2,8,1,18,2,26,0,1,2,20,0,8,15,288,303,19.2,-49.83334,1,151,10.06666667,0.866666667,0.753472222,21.74933333,13.67958333,134,0.442244224
HCHC,2,1,4,15,17,7,30,0,1,1,2,1,3,0,4,2,11,0,0,4,8,0,0,0,87,0,5,0,0,0,2,0,0,1,7,2,13,0,0,2,4,1,6,14,153,167,6.954545455,85.16666,1,64,4.571428571,0.785714286,0.830065359,24.14,9.651503268,92,0.550898204
HCC7,2,1,4,11,33,17,35,2,5,0,0,1,23,0,3,0,4,0,0,0,0,0,0,0,38,0,5,0,3,0,0,0,23,0,1,1,9,0,3,6,33,0,0,10,150,160,5.357142857,88.16666,0.888888889,48,4.8,1,0.92,26.624,17.90986667,43,0.26875
HCPT,2,1,4,22,46,4,29,3,10,0,2,1,5,0,0,1,19,0,4,3,20,0,0,0,101,0,0,2,17,0,4,1,18,0,5,1,1,0,2,1,0,0,3,13,211,224,8.115384615,27.16666,1,34,2.615384615,1,0.90521327,23.82153846,12.82028436,101,0.450892857
C7C7,2,1,4,12,30,9,56,1,7,1,3,0,8,0,9,2,8,0,4,1,10,2,8,1,67,0,33,2,7,0,2,2,23,0,2,1,1,0,3,1,6,0,4,14,205,219,9.761904762,33.16666,1,52,3.714285714,0.785714286,0.668292683,22.71142857,12.54614634,101,0.461187215
C7PT,2,1,4,8,14,9,26,1,3,0,0,0,1,0,0,0,8,0,0,0,1,0,0,0,31,0,0,0,6,0,0,4,30,0,0,3,35,0,1,1,26,0,2,9,144,153,8.470588235,94.16666,1,42,4.666666667,1,0.979166667,25.52,19.66194444,31,0.202614379
PTPT,2,1,4,11,24,6,14,4,37,0,2,0,9,1,2,1,11,0,3,1,28,0,0,3,55,0,40,0,0,0,0,2,24,0,4,2,21,0,0,2,24,2,2,18,262,280,15.41176471,-23.83334,0.888888889,100,5.555555556,0.833333333,0.797709924,21.72666667,16.12961832,98,0.35
C,3,1,4,18,34,5,35,2,14,0,3,4,19,0,0,0,0,0,4,1,6,0,7,2,57,0,52,0,6,0,8,2,18,1,7,0,2,1,10,5,36,9,6,27,255,282,11.08695652,-16.83334,1,69,2.555555556,0.592592593,0.619607843,24.34518519,14.30839216,111,0.393617021
HCHC,3,1,4,17,46,4,17,0,4,0,1,0,0,0,2,2,11,0,0,3,27,0,3,0,59,0,12,0,0,0,2,1,25,0,0,3,23,0,3,1,12,0,1,10,185,195,8.80952381,53.16666,1,54,5.4,1,0.87027027,23.312,14.74118919,71,0.364102564
HCC7,3,1,4,17,35,6,25,1,1,0,1,0,1,0,1,1,6,0,2,1,0,0,0,1,95,0,0,1,2,0,0,1,10,1,9,2,16,0,5,2,11,0,4,11,164,175,7.130434783,74.16666,1,51,4.636363636,0.909090909,0.865853659,22.69818182,10.63609756,96,0.548571429
HCPT,3,1,4,9,26,12,48,0,6,1,2,1,4,0,0,1,13,0,0,1,7,0,0,1,79,1,54,2,12,1,3,1,9,0,6,2,9,0,2,2,18,0,2,14,226,240,10.76190476,12.16666,1,49,3.5,0.785714286,0.694690265,20.1,10.28176991,135,0.5625
C7C7,3,1,4,13,27,10,36,2,0,0,0,3,14,0,4,0,1,0,2,2,14,0,0,3,73,0,4,0,2,0,4,0,7,0,0,0,0,0,5,5,12,1,0,16,142,158,6.173913043,96.16666,1,98,6.125,0.9375,0.866197183,20.39,10.43774648,80,0.506329114
C7PT,3,1,4,14,30,8,34,0,0,0,0,0,0,1,0,0,6,1,2,0,6,0,0,2,52,0,1,1,12,0,7,1,11,0,0,2,0,0,7,1,0,0,0,9,104,113,4.727272727,134.16666,0.888888889,-28,-3.111111111,0.777777778,0.836538462,18.31555556,11.32038462,55,0.486725664
PTPT,3,1,4,10,33,11,40,0,0,0,4,3,6,0,1,1,1,1,4,3,32,0,5,0,52,0,38,0,0,0,0,2,16,0,5,2,23,0,0,0,7,1,8,13,202,215,9.619047619,36.16666,0.888888889,54,4.153846154,0.846153846,0.678217822,23.18461538,12.93366337,90,0.418604651
C,4,1,4,12,31,11,42,1,5,0,0,0,17,0,0,3,8,0,9,2,0,0,0,2,60,0,8,0,0,0,0,0,0,1,7,2,11,0,2,2,20,0,4,13,151,164,6.565217391,87.16666,0.888888889,46,3.538461538,0.923076923,0.801324503,21.38153846,13.89960265,70,0.426829268
HCHC,4,1,4,12,15,10,21,1,0,0,0,1,12,0,2,0,0,0,1,0,0,0,0,0,38,0,4,0,2,0,0,1,1,0,0,1,4,0,1,0,0,0,0,4,65,69,2.954545455,173.16666,0.777777778,-7,-1.75,1,0.876923077,24.14,7.331692308,42,0.608695652
HCC7,4,1,4,15,20,8,32,0,2,0,0,0,5,0,0,1,5,1,1,0,0,0,0,0,8,0,0,1,6,0,0,1,12,0,0,1,0,0,0,1,13,0,0,6,52,58,2.260869565,186.16666,0.888888889,-22,-3.666666667,0.833333333,0.980769231,25.52,22.17769231,8,0.137931034
HCPT,4,1,4,16,22,9,41,2,6,0,3,0,0,1,16,0,1,0,5,1,6,0,4,0,53,0,18,0,15,0,5,4,8,0,3,0,0,0,0,3,12,0,0,11,155,166,6.2,83.16666,0.888888889,46,4.181818182,0.909090909,0.651612903,26.77454545,12.86864516,71,0.427710843
C7C7,4,1,4,12,32,11,35,0,3,0,0,0,0,0,0,0,0,0,0,0,5,0,1,0,19,0,0,0,5,0,0,1,4,0,0,0,0,0,0,0,21,0,0,1,58,59,2.52173913,180.16666,0.666666667,-43,-43,1,0.982758621,28.28,17.44551724,19,0.322033898
C7PT,4,1,4,14,22,11,27,1,4,0,0,0,30,0,0,3,5,0,0,2,26,0,0,1,56,0,10,0,0,0,0,0,5,0,0,0,2,0,0,0,14,0,0,7,152,159,6.08,86.16666,0.888888889,-1,-0.142857143,1,0.934210526,21.87428571,12.84105263,67,0.421383648
PTPT,4,1,4,7,22,11,22,1,2,0,2,0,0,0,0,0,0,0,3,0,0,0,0,1,43,0,0,1,5,0,2,1,8,0,1,0,2,0,0,2,16,0,1,6,85,91,4.722222222,153.16666,0.777777778,24,4,1,0.894117647,22.18666667,13.09694118,44,0.483516484
C,5,1,4,13,31,9,21,1,13,1,1,1,1,0,1,4,1,0,2,4,19,0,5,2,78,0,24,0,0,0,0,3,5,0,0,3,15,7,19,1,10,0,0,27,194,221,8.818181818,44.16666,0.888888889,49,1.814814815,0.703703704,0.731958763,21.58518519,10.85030928,104,0.470588235
HCHC,5,1,4,14,20,12,44,1,0,3,5,0,0,0,6,1,1,0,14,3,4,0,1,2,40,0,19,0,0,0,10,0,0,0,21,2,1,0,2,1,26,0,1,13,151,164,5.807692308,87.16666,1,-24,-1.846153846,0.769230769,0.476821192,20.74461538,15.91417219,61,0.37195122
HCC7,5,1,4,16,17,12,40,1,0,0,7,1,8,0,3,1,1,0,5,1,1,0,4,1,50,0,0,3,21,0,18,7,0,0,0,1,6,0,1,0,1,0,3,16,129,145,4.607142857,109.16666,1,41,2.5625,1,0.682170543,23.4075,13.33922481,51,0.351724138
HCPT,5,1,4,12,36,10,30,0,2,0,0,1,3,0,4,0,0,0,1,0,0,0,0,0,47,0,45,1,3,0,3,1,2,0,0,0,0,0,0,0,7,0,4,3,121,124,5.5,117.16666,0.777777778,-10,-3.333333333,1,0.52892562,22.76,5.888264463,92,0.741935484
C7C7,5,1,4,15,20,7,60,6,8,0,0,0,1,0,5,2,28,0,0,0,0,0,2,0,75,0,4,0,0,0,0,0,3,0,1,0,2,0,0,2,16,0,0,10,145,155,6.590909091,93.16666,0.888888889,-8,-0.8,1,0.917241379,28.28,12.30124138,79,0.509677419
C7PT,5,1,4,10,13,7,38,4,9,0,0,2,13,0,0,0,3,0,1,1,2,0,0,0,50,0,6,0,0,0,0,0,4,0,0,1,4,1,3,2,13,0,5,11,113,124,6.647058824,125.16666,0.888888889,2,0.181818182,0.909090909,0.867256637,24.51636364,12.65309735,56,0.451612903
PTPT,5,1,4,15,38,8,18,1,9,0,12,2,15,1,7,3,6,0,9,3,14,0,6,2,84,0,27,0,1,0,0,2,23,0,5,1,7,0,4,3,21,0,8,18,258,276,11.2173913,-19.83334,1,98,5.444444444,0.944444444,0.697674419,21.91777778,14.38,113,0.40942029
C,6,1,4,2,6,18,27,3,15,0,6,2,27,0,4,0,15,0,3,0,0,0,2,1,58,1,17,0,14,0,1,3,17,0,2,6,16,1,13,3,6,0,8,20,224,244,11.2,14.16666,1,-1,-0.05,0.9,0.75,21.726,15.965,77,0.31557377
HCHC,6,1,4,13,40,8,30,0,0,0,0,0,3,0,2,0,1,0,5,0,2,0,1,2,78,0,0,1,13,0,0,1,1,0,1,0,0,0,3,1,11,0,3,5,124,129,5.904761905,114.16666,0.888888889,-2,-0.4,1,0.879032258,15.312,8.888387097,80,0.620155039
C7C7,6,1,4,12,25,9,19,1,1,0,1,0,0,0,0,0,0,0,0,0,0,0,0,2,55,0,1,0,0,0,0,0,0,0,1,1,28,0,2,3,24,0,0,7,113,120,5.380952381,125.16666,0.555555556,2,0.285714286,1,0.955752212,19.01714286,12.06690265,58,0.483333333
PTPT,6,1,4,16,30,6,26,1,4,0,1,0,0,0,3,1,0,0,0,0,1,0,0,3,87,0,23,3,9,0,2,7,26,0,0,1,9,0,4,7,28,1,4,24,201,225,9.136363636,37.16666,1,16,0.666666667,0.958333333,0.815920398,23.365,11.64995025,113,0.502222222
C,1,1,6,17,32,7,12,1,12,0,2,1,15,0,0,1,19,0,0,1,27,0,7,0,81,0,57,1,4,0,8,2,22,0,8,1,29,0,8,3,30,0,18,11,347,358,14.45833333,18.33333333,1,30,2.727272727,1,0.688760807,25.26909091,14.69475504,138,0.38547486
HCHC,1,1,6,16,19,12,19,0,8,0,0,0,2,0,1,0,1,0,0,0,16,0,0,0,63,0,4,0,11,0,0,0,0,0,0,0,0,0,0,0,0,0,0,0,106,106,3.785714286,259.3333333,0.666666667,-14,,,0.952830189,,8.061509434,67,0.632075472
HCC7,1,1,6,11,25,14,15,0,3,0,0,0,0,0,0,0,0,0,0,0,0,0,0,0,51,0,2,0,0,0,0,0,0,0,0,0,0,0,0,0,14,0,1,0,71,71,2.84,294.3333333,0.333333333,4,,,0.957746479,,7.169577465,53,0.746478873
HCPT,1,1,6,2,11,22,37,1,8,0,4,0,9,0,5,0,2,1,4,0,2,0,0,0,51,0,18,0,9,0,7,0,2,0,0,1,7,0,3,0,1,0,6,3,138,141,5.75,227.3333333,1,-9,-3,0.666666667,0.65942029,25.52,11.62,69,0.489361702
C7C7,1,1,6,15,39,10,13,1,7,0,0,1,4,0,0,0,6,0,5,0,13,0,0,0,61,0,4,0,1,0,0,0,16,0,0,1,7,0,1,0,10,0,3,3,138,141,5.52,227.3333333,1,-7,-2.333333333,1,0.905797101,22.76,13.39971014,65,0.460992908
C7PT,1,1,6,12,21,13,34,0,0,0,0,0,0,0,0,0,0,0,0,0,1,0,0,0,55,0,8,0,1,0,0,0,0,0,0,1,31,0,0,1,10,0,0,2,106,108,4.24,259.3333333,0.555555556,-62,-31,1,0.924528302,24.14,8.894339623,63,0.583333333
PTPT,1,1,6,9,16,14,43,2,23,2,3,0,7,0,3,0,34,0,7,0,4,0,0,0,56,1,24,1,9,0,0,0,7,1,0,0,0,0,5,2,9,0,15,9,206,215,8.956521739,159.3333333,1,-42,-4.666666667,0.555555556,0.723300971,24.21777778,16.17203883,81,0.376744186
C,2,1,6,10,19,5,21,0,49,0,4,0,19,0,1,1,18,0,0,0,12,0,4,1,113,0,145,2,7,0,3,5,42,0,8,0,44,0,10,1,26,2,14,12,519,531,34.6,-153.6666667,1,231,19.25,0.833333333,0.63583815,24.54333333,12.62635838,259,0.487758945
HCHC,2,1,6,15,17,7,30,1,3,0,0,0,9,0,12,3,19,0,2,0,15,0,5,0,63,0,21,0,0,0,2,0,7,0,0,1,20,0,6,0,4,0,13,5,201,206,9.136363636,164.3333333,1,48,9.6,1,0.696517413,26.624,13.61910448,84,0.40776699
HCC7,2,1,6,11,33,17,35,0,1,0,1,1,26,0,1,1,8,0,1,0,1,0,1,0,29,0,1,0,10,0,0,0,37,0,0,0,11,0,3,0,54,0,7,2,192,194,6.857142857,173.3333333,1,42,21,1,0.921875,24.14,21.575625,30,0.154639175
HCPT,2,1,6,22,46,4,29,0,35,0,0,0,13,0,16,0,3,0,4,0,39,0,3,0,92,0,29,0,21,0,12,1,14,0,13,0,27,0,15,2,17,0,10,3,363,366,13.96153846,2.333333333,1,152,50.66666667,1,0.719008264,28.28,15.5230854,121,0.330601093
C7C7,2,1,6,12,30,9,56,0,1,0,5,0,6,0,2,0,10,0,3,1,20,0,2,0,115,0,2,2,22,0,0,0,2,0,4,0,10,0,0,1,5,0,4,4,213,217,10.14285714,152.3333333,1,8,2,1,0.896713615,22.07,10.33577465,117,0.539170507
C7PT,2,1,6,8,14,9,26,1,14,0,7,0,0,0,1,0,16,0,1,0,1,0,0,0,43,0,59,0,6,0,2,0,5,0,0,0,36,0,5,2,26,0,1,3,223,226,13.11764706,142.3333333,1,79,26.33333333,1,0.659192825,28.28,13.45112108,102,0.451327434
PTPT,2,1,6,11,24,6,14,2,99,0,12,1,14,0,4,1,10,0,2,1,37,0,6,0,80,1,63,0,2,0,7,0,53,1,21,0,41,0,10,2,33,0,17,9,511,520,30.05882353,-145.6666667,1,249,27.66666667,0.777777778,0.722113503,23.29777778,18.40540117,144,0.276923077
C,3,1,6,18,34,5,35,2,30,0,2,0,40,0,11,0,6,0,3,1,23,1,12,0,122,0,59,1,7,0,8,1,43,0,19,0,6,0,0,1,51,0,6,7,448,455,19.47826087,-82.66666667,1,193,27.57142857,0.857142857,0.732142857,24.73142857,14.87678571,181,0.397802198
HCHC,3,1,6,17,46,4,17,1,0,0,0,0,0,1,0,1,25,0,2,0,3,0,2,0,56,0,1,1,1,0,1,1,8,0,4,2,34,0,3,0,17,0,0,7,157,164,7.476190476,208.3333333,1,-28,-4,0.857142857,0.917197452,23.54857143,15.6922293,57,0.347560976
HCC7,3,1,6,17,35,6,25,0,9,0,1,0,0,0,2,1,24,0,5,0,1,0,0,2,88,0,0,0,0,0,0,0,0,0,0,1,15,0,4,0,15,0,1,4,165,169,7.173913043,200.3333333,0.777777778,1,0.25,1,0.921212121,12.07,12.09333333,90,0.532544379
HCPT,3,1,6,9,26,12,48,1,4,1,4,1,15,0,1,2,35,0,1,0,2,0,0,3,90,0,52,1,20,0,6,0,0,0,0,2,13,0,2,1,22,0,0,12,267,279,12.71428571,98.33333333,0.888888889,41,3.416666667,0.916666667,0.752808989,18.45,11.41003745,145,0.519713262
C7C7,3,1,6,13,27,10,36,0,0,0,1,1,22,0,2,0,1,0,1,0,13,0,1,3,83,0,8,0,1,0,1,0,0,1,10,0,0,0,1,1,36,0,0,6,181,187,7.869565217,184.3333333,1,39,6.5,0.833333333,0.861878453,12.76,12.18629834,94,0.502673797
C7PT,3,1,6,14,30,8,34,1,4,0,2,0,7,0,7,0,3,0,2,0,0,0,0,0,71,0,4,1,13,0,0,0,1,0,3,0,3,0,0,1,5,0,1,3,126,129,5.727272727,239.3333333,0.888888889,22,7.333333333,1,0.849206349,25.52,9.475238095,75,0.581395349
PTPT,3,1,6,10,33,11,40,0,2,0,4,2,27,0,1,1,13,0,7,0,58,0,12,0,64,0,53,0,2,0,0,0,9,0,10,0,46,0,8,1,12,1,5,5,333,338,15.85714286,32.33333333,1,131,26.2,0.8,0.6996997,24.968,14.51459459,117,0.346153846
C,4,1,6,12,31,11,42,1,16,0,0,0,14,0,0,2,24,0,4,0,0,0,0,3,54,0,8,0,0,0,0,0,1,0,0,0,14,0,0,1,56,0,2,7,193,200,8.391304348,172.3333333,0.777777778,42,6,1,0.92746114,16.16,17.99398964,65,0.325
HCHC,4,1,6,12,15,10,21,1,14,0,0,1,25,0,0,0,2,0,0,0,2,0,0,1,40,0,1,0,0,0,1,1,14,0,0,1,8,0,0,0,7,0,0,5,114,119,5.181818182,251.3333333,1,49,9.8,1,0.98245614,19.312,15.49438596,42,0.352941176
HCC7,4,1,6,15,20,8,32,0,4,0,0,0,3,0,0,0,8,0,0,0,0,0,0,0,7,0,0,1,2,0,0,1,15,0,0,1,6,0,0,1,16,0,0,4,61,65,2.652173913,304.3333333,0.888888889,9,2.25,1,1,24.14,23.54163934,7,0.107692308
HCPT,4,1,6,16,22,9,41,2,18,1,8,2,16,0,0,0,3,0,1,1,14,0,0,0,60,0,12,0,12,0,1,2,25,0,9,0,6,0,0,0,18,0,13,8,216,224,8.64,149.3333333,1,61,7.625,0.875,0.796296296,25.175,16.975,72,0.321428571
C7C7,4,1,6,12,32,11,35,0,3,0,0,0,1,0,2,0,6,0,0,0,10,0,0,2,30,0,2,0,8,0,3,0,0,0,0,0,0,0,0,0,0,0,1,2,66,68,2.869565217,299.3333333,0.777777778,8,4,1,0.878787879,0,11.55757576,34,0.5
C7PT,4,1,6,14,22,11,27,0,10,0,0,0,29,0,1,1,23,0,1,0,32,0,0,0,63,0,0,0,9,0,0,0,9,0,0,0,3,0,0,0,0,0,0,1,180,181,7.2,185.3333333,0.888888889,28,28,1,0.988888889,28.28,14.978,63,0.348066298
PTPT,4,1,6,7,22,11,22,0,5,0,2,0,1,0,0,0,3,0,0,0,0,0,0,0,48,0,2,0,3,0,0,0,11,0,0,1,8,0,0,0,19,0,0,1,102,103,5.666666667,263.3333333,0.888888889,17,17,1,0.960784314,20,13.44313725,50,0.485436893
C,5,1,6,13,31,9,21,1,31,1,6,2,7,0,1,1,11,0,4,0,42,0,7,1,93,0,14,0,0,0,0,5,17,0,0,1,22,1,6,1,14,1,1,15,276,291,12.54545455,89.33333333,0.888888889,82,5.466666667,0.8,0.858695652,24.18666667,14.76637681,108,0.371134021
HCHC,5,1,6,14,20,12,44,0,1,0,2,0,0,0,2,0,1,0,0,1,12,0,1,0,43,0,16,0,0,0,1,0,3,0,2,2,11,0,0,0,17,0,0,3,112,115,4.307692308,253.3333333,1,-39,-13,1,0.785714286,20,11.38642857,59,0.513043478
HCC7,5,1,6,16,17,12,40,0,1,0,0,2,13,0,0,0,0,0,0,0,0,0,0,0,2,0,0,0,18,0,1,0,0,1,0,0,0,0,0,0,0,0,0,3,35,38,1.25,330.3333333,0.555555556,-94,-31.33333333,0.666666667,0.971428571,22.76,19.09371429,2,0.052631579
HCPT,5,1,6,12,36,10,30,1,3,0,1,0,0,0,1,0,0,0,0,0,0,0,0,2,50,0,36,0,1,0,2,0,0,0,0,0,0,0,0,0,2,0,1,3,97,100,4.409090909,268.3333333,0.555555556,-24,-8,1,0.577319588,9.426666667,2.86556701,88,0.88
C7C7,5,1,6,15,20,7,60,0,3,1,31,0,9,0,1,2,32,0,0,0,0,0,0,1,81,0,9,0,0,0,0,0,1,0,0,2,7,0,0,3,27,0,1,9,202,211,9.181818182,163.3333333,0.777777778,57,6.333333333,0.888888889,0.792079208,23.29777778,14.98316832,91,0.431279621
C7PT,5,1,6,10,13,7,38,1,19,0,0,0,0,0,1,1,0,0,1,2,16,0,0,3,75,0,1,1,7,1,0,0,6,0,1,0,0,0,0,0,14,1,2,10,143,153,8.411764706,222.3333333,0.888888889,30,3,0.8,0.958041958,16.484,11.86041958,79,0.516339869
PTPT,5,1,6,15,38,8,18,0,5,1,5,1,19,0,10,2,15,1,11,1,33,0,3,0,107,0,33,1,4,0,3,2,39,0,13,1,15,0,9,4,46,1,6,15,376,391,16.34782609,-10.66666667,1,118,7.866666667,0.8,0.752659574,26.072,15.63617021,140,0.358056266
C,6,1,6,2,6,18,27,4,48,0,6,1,26,0,23,1,19,0,19,0,0,0,1,1,85,0,31,0,16,0,6,3,29,0,17,3,36,1,32,0,3,1,12,15,409,424,20.45,-43.66666667,1,185,12.33333333,0.866666667,0.640586797,23.63466667,17.42503667,117,0.275943396
HCHC,6,1,6,13,40,8,30,0,1,0,0,0,0,0,1,0,1,0,0,0,0,0,0,0,83,0,0,0,2,0,0,0,1,0,0,0,0,0,2,0,13,0,1,0,105,105,5,260.3333333,0.888888889,-19,,,0.961904762,,5.531047619,83,0.79047619
C7C7,6,1,6,12,25,9,19,1,5,0,2,0,0,0,0,0,1,0,0,0,0,0,0,5,53,0,2,0,1,0,4,0,0,0,0,2,36,0,1,1,36,0,1,9,142,151,6.761904762,223.3333333,0.666666667,29,3.222222222,1,0.929577465,10.72888889,14.87746479,60,0.397350993
PTPT,6,1,6,16,30,6,26,0,17,2,10,0,2,0,5,1,10,0,0,0,3,0,0,1,106,0,5,3,7,0,7,0,17,0,0,2,16,0,7,2,44,0,13,11,269,280,12.22727273,96.33333333,1,68,6.181818182,0.818181818,0.82527881,21.94545455,15.16386617,112,0.4
C,1,2,2,19,4,2,23,3,4,0,0,1,1,0,0,2,2,0,0,0,0,0,0,6,74,4,50,0,0,1,4,0,0,0,0,3,8,0,0,2,4,0,0,22,147,169,7,-8,0.777777778,120,5.454545455,0.772727273,0.632653061,13.54363636,3.692517007,134,0.792899408
HCHC,1,2,2,23,29,2,12,2,11,0,0,2,4,0,0,1,3,0,0,2,10,0,0,5,22,0,0,2,16,0,0,2,10,0,1,2,8,0,0,0,8,1,0,19,93,112,3.72,49,1,52,2.736842105,0.947368421,0.989247312,17.35157895,18.20688172,27,0.241071429
HCC7,1,2,2,14,19,6,12,0,0,0,0,0,0,0,0,4,6,0,1,0,0,0,0,0,61,0,0,0,7,0,0,1,0,0,0,1,5,0,0,3,7,0,0,9,87,96,4.35,65,0.666666667,56,6.222222222,1,0.988505747,27.36,7.309425287,61,0.635416667
HCPT,1,2,2,19,21,3,17,0,0,0,0,1,8,0,0,1,7,0,0,2,2,0,0,6,32,0,3,1,4,1,2,0,0,0,2,0,0,0,4,3,11,0,0,15,75,90,3.409090909,71,0.888888889,37,2.466666667,0.933333333,0.853333333,14.208,12.87466667,41,0.455555556
C7C7,1,2,2,16,24,3,12,2,4,0,0,0,0,0,0,1,0,0,0,1,17,0,0,5,67,0,5,0,0,0,0,0,0,0,0,0,0,0,0,1,1,0,0,10,94,104,4.947368421,57,0.555555556,58,5.8,1,0.946808511,13.312,5.121276596,77,0.740384615
C7PT,1,2,2,13,20,7,6,1,0,0,0,0,0,0,0,3,2,0,0,0,0,0,0,10,70,0,0,0,0,0,0,1,0,0,0,0,0,0,0,2,0,0,0,17,72,89,3.6,72,0.555555556,46,2.705882353,1,1,11.64470588,0.785555556,80,0.898876404
PTPT,1,2,2,16,13,6,18,1,0,0,0,2,0,1,0,2,14,0,0,0,0,0,0,9,69,0,9,2,6,0,0,2,7,0,0,0,0,0,0,1,7,1,1,21,113,134,5.136363636,27,0.777777778,82,3.904761905,0.904761905,0.911504425,14.18857143,8.319646018,87,0.649253731
C,2,2,2,20,18,1,0,2,4,0,1,0,0,1,4,3,3,1,1,2,11,1,1,6,87,1,3,2,10,0,0,1,4,0,0,0,0,0,0,1,1,1,1,22,131,153,6.238095238,8,0.888888889,113,5.136363636,0.772727273,0.916030534,17.02363636,7.207633588,97,0.633986928
HCHC,2,2,2,20,28,2,5,2,6,0,0,0,2,0,0,1,0,0,0,0,1,0,0,2,38,1,2,0,0,0,0,0,0,0,0,1,8,0,0,3,7,1,0,11,64,75,2.909090909,86,0.777777778,31,2.818181818,0.818181818,0.96875,19.81454545,9.181875,43,0.573333333
HCC7,2,2,2,19,19,1,14,1,5,0,0,0,0,0,0,0,0,0,0,1,1,0,0,0,17,0,4,0,0,0,0,1,0,0,0,1,3,0,0,2,1,1,0,7,31,38,1.55,123,0.666666667,-2,-0.285714286,0.857142857,0.870967742,25.91428571,8.054193548,21,0.552631579
HCPT,2,2,2,17,22,2,16,1,0,0,0,1,1,0,0,0,0,0,0,0,0,0,0,7,81,0,8,0,0,0,0,1,0,0,0,2,4,0,1,0,1,0,0,12,96,108,5.052631579,53,0.666666667,58,4.833333333,1,0.90625,9.713333333,1.544583333,96,0.888888889
C7C7,2,2,2,17,18,6,25,2,5,0,0,2,3,0,0,0,0,0,0,3,4,0,0,4,69,0,0,0,0,0,0,2,4,0,0,1,5,0,0,2,4,0,0,16,94,110,4.086956522,51,0.777777778,51,3.1875,1,1,18.105,6.464255319,73,0.663636364
C7PT,2,2,2,18,32,3,8,0,0,0,0,0,0,0,0,0,0,0,0,2,6,0,1,18,98,0,10,0,0,0,0,0,0,0,0,0,0,0,0,2,4,0,0,22,119,141,5.666666667,20,0.333333333,79,3.590909091,1,0.907563025,4.389090909,2.127058824,126,0.893617021
PTPT,2,2,2,17,22,5,12,2,2,1,0,1,0,0,0,0,0,0,0,1,2,0,0,9,86,0,27,1,2,0,0,1,0,0,0,2,0,0,0,1,1,1,0,20,120,140,5.454545455,21,0.888888889,86,4.3,0.9,0.775,13.484,1.373666667,122,0.871428571
C,3,2,2,20,25,3,14,1,1,0,0,1,1,0,0,3,9,0,0,2,13,0,0,6,98,1,22,0,15,0,1,0,7,0,0,0,0,0,0,1,7,1,0,16,174,190,7.565217391,-29,0.888888889,135,8.4375,0.875,0.867816092,14.355,7.348965517,127,0.668421053
HCHC,3,2,2,18,31,4,15,0,0,0,0,1,2,0,0,1,4,0,0,0,0,0,0,6,61,0,2,3,10,0,0,1,1,0,0,0,1,1,0,1,3,0,0,14,84,98,3.818181818,63,0.777777778,38,2.714285714,0.928571429,0.976190476,13.20285714,5.788571429,69,0.704081633
HCC7,3,2,2,21,22,1,7,0,0,2,3,1,0,0,0,1,0,0,0,0,0,0,0,5,50,0,0,2,8,0,0,0,0,0,0,0,2,1,0,2,8,1,0,15,71,86,3.227272727,75,0.777777778,42,2.8,0.733333333,0.957746479,16.64533333,7.198309859,55,0.639534884
HCPT,3,2,2,20,33,1,5,1,4,0,0,1,2,0,0,0,0,1,2,1,2,0,3,7,76,0,2,2,1,0,0,1,3,0,1,0,0,1,0,3,9,0,0,18,105,123,5,38,1,67,3.722222222,0.888888889,0.923809524,14.98222222,6.641142857,85,0.691056911
C7C7,3,2,2,14,22,5,24,0,0,0,0,1,8,0,0,0,0,0,0,0,4,0,0,12,76,0,2,1,4,0,0,0,0,0,0,1,0,1,0,1,3,0,0,17,97,114,5.105263158,47,0.666666667,51,3,0.941176471,0.979381443,6.369411765,4.173608247,90,0.789473684
C7PT,3,2,2,14,39,10,17,1,2,0,0,0,0,0,0,0,0,1,0,1,2,0,0,7,70,0,2,0,0,0,0,0,0,0,0,4,3,0,0,0,0,0,0,14,79,93,3.291666667,68,0.555555556,23,1.642857143,0.928571429,0.974683544,11.18285714,1.981772152,79,0.849462366
PTPT,3,2,2,18,26,3,9,2,6,0,0,1,1,0,0,0,0,0,0,0,0,0,2,12,86,1,31,1,2,0,0,1,1,0,1,0,0,0,0,2,11,0,0,20,141,161,6.714285714,0,0.777777778,106,5.3,0.95,0.758865248,9.07,4.52,130,0.807453416
C,4,2,2,17,18,5,7,0,0,0,0,2,4,1,0,1,0,0,0,0,0,1,1,9,89,4,14,0,1,0,0,0,0,0,0,0,0,0,0,1,0,1,1,20,110,130,5,31,0.666666667,85,4.25,0.65,0.854545455,8.242,1.348,116,0.892307692
HCHC,4,2,2,20,26,4,8,0,0,0,0,1,1,1,0,1,0,0,0,0,0,0,0,8,64,2,18,1,2,0,0,0,0,0,0,1,3,0,0,0,0,0,0,15,88,103,3.666666667,58,0.555555556,54,3.6,0.8,0.795454545,7.218666667,1.363636364,92,0.893203883
HCC7,4,2,2,20,22,2,9,1,0,0,0,1,4,0,0,0,10,1,5,0,0,0,0,5,35,0,4,0,0,1,0,3,13,0,0,3,4,1,3,1,4,0,0,17,82,99,3.727272727,62,0.888888889,51,3,0.823529412,0.853658537,17.04,13.71902439,44,0.444444444
HCPT,4,2,2,12,22,9,23,1,1,0,0,1,3,0,1,1,3,0,0,0,0,0,4,10,80,0,0,2,6,0,4,0,0,0,0,0,2,0,3,1,6,0,2,16,115,131,5.476190476,30,0.888888889,70,4.375,1,0.87826087,9.0525,6.950956522,90,0.687022901
C7C7,4,2,2,16,26,4,11,0,1,0,0,1,3,0,0,4,4,0,0,0,3,0,0,0,0,0,0,1,2,0,0,1,0,0,0,0,0,0,0,1,10,0,0,8,23,31,1.15,130,0.777777778,-14,-1.75,1,1,26.21,25.4,0,0
C7PT,4,2,2,17,35,3,12,0,0,0,0,0,0,0,0,2,6,0,0,1,0,0,0,0,2,0,0,1,0,0,0,1,8,0,0,0,2,0,0,0,0,0,0,5,18,23,0.9,138,0.666666667,-29,-5.8,1,1,24.968,24.21777778,2,0.086956522
PTPT,4,2,2,22,37,1,6,0,7,1,4,3,0,1,0,3,14,1,4,4,7,0,0,0,9,2,23,0,2,0,0,1,3,0,2,0,4,2,3,0,9,0,3,18,94,112,4.086956522,49,1,51,2.833333333,0.611111111,0.585106383,20.53777778,17.24340426,34,0.303571429
C,5,2,2,22,25,3,11,1,2,0,0,0,0,1,4,1,1,0,0,0,1,0,1,16,101,0,26,0,0,0,0,1,4,0,0,1,2,0,0,1,5,0,0,22,147,169,5.88,-8,0.888888889,111,5.045454545,0.954545455,0.789115646,6.96,3.397006803,143,0.846153846
HCHC,5,2,2,19,28,3,9,1,8,0,0,1,4,0,0,0,6,0,0,0,1,0,0,3,96,0,4,0,2,1,1,1,2,0,1,0,0,0,0,3,13,1,3,11,141,152,6.409090909,9,0.888888889,104,9.454545455,0.818181818,0.936170213,19.06181818,7.753475177,103,0.677631579
HCC7,5,2,2,19,18,5,5,0,0,0,0,0,0,0,0,1,8,0,0,0,1,0,0,0,0,0,2,0,4,1,1,0,0,0,1,0,0,0,0,0,1,0,2,2,20,22,0.833333333,139,0.666666667,-3,-1.5,0.5,0.7,24.14,22.968,2,0.090909091
HCPT,5,2,2,20,24,3,11,2,3,0,0,0,1,0,8,1,0,0,0,0,0,0,1,11,117,0,20,0,0,0,0,0,3,0,0,0,0,0,0,2,6,0,1,16,160,176,6.956521739,-15,0.777777778,125,7.8125,1,0.8125,8.8375,3.54775,148,0.840909091
C7C7,5,2,2,21,27,3,9,0,0,0,0,0,3,0,0,0,0,0,0,1,1,0,0,13,128,0,0,1,1,0,0,0,0,1,0,0,0,0,0,1,2,0,0,17,135,152,5.625,9,0.666666667,99,5.823529412,0.941176471,1,5.68,1.159703704,141,0.927631579
C7PT,5,2,2,20,25,1,0,0,0,0,0,2,8,0,0,1,2,0,0,0,0,0,0,11,111,0,2,0,0,0,0,0,1,0,0,2,16,0,0,2,8,0,0,18,148,166,7.047619048,-5,0.666666667,123,6.833333333,1,0.986486486,9.157777778,5.345135135,124,0.746987952
PTPT,5,2,2,21,43,3,1,5,20,0,0,2,7,0,0,0,0,0,0,2,2,1,2,11,114,0,14,0,0,0,0,1,2,0,0,1,0,0,0,4,13,1,3,28,177,205,7.375,-44,0.777777778,133,4.75,0.928571429,0.892655367,15.39571429,7.314350282,139,0.67804878
C,6,2,2,20,30,4,13,0,0,0,0,0,0,0,0,0,0,0,0,0,0,0,0,15,98,2,18,2,4,0,2,0,0,0,0,2,9,0,0,0,1,0,2,21,134,155,5.583333333,6,0.444444444,91,4.333333333,0.904761905,0.835820896,3.80952381,2.871940299,133,0.858064516
HCHC,6,2,2,24,67,1,6,0,1,0,0,1,3,0,0,2,0,0,0,0,0,0,0,6,106,0,0,1,0,0,0,1,0,0,0,1,0,0,1,2,5,0,2,14,118,132,4.72,29,0.888888889,45,3.214285714,1,0.974576271,14.38571429,2.595254237,112,0.848484848
HCC7,6,2,2,16,28,8,35,4,8,0,0,1,8,0,0,1,1,0,0,0,0,0,0,10,97,0,1,0,0,0,0,0,0,0,0,1,3,0,0,1,1,0,0,18,119,137,4.958333333,24,0.666666667,56,3.111111111,1,0.991596639,11.64888889,4.225210084,108,0.788321168
HCPT,6,2,2,21,40,2,16,0,0,0,0,2,4,0,0,1,2,0,0,2,6,0,0,17,65,0,26,0,0,0,0,1,2,0,4,0,0,0,0,1,4,0,0,24,113,137,4.913043478,24,0.666666667,57,2.375,1,0.734513274,6.868333333,4.773097345,108,0.788321168
C7C7,6,2,2,20,11,3,10,2,6,0,0,1,0,0,0,1,2,0,0,0,2,0,0,0,1,0,0,1,1,0,0,1,0,0,0,1,2,0,0,1,8,0,0,8,22,30,0.956521739,131,1,1,0.125,1,1,25.175,25.11272727,1,0.033333333
C7PT,6,2,2,19,25,3,2,1,2,0,0,1,4,0,1,0,0,0,0,0,0,0,0,0,5,0,27,1,0,0,0,1,0,0,0,0,0,0,0,1,0,0,0,5,39,44,1.772727273,117,0.666666667,12,2.4,1,0.282051282,24.968,4.014358974,32,0.727272727
PTPT,6,2,2,21,23,4,21,2,2,0,0,0,0,0,0,3,30,1,7,1,0,0,0,7,95,1,44,5,12,1,1,1,0,0,0,1,2,0,0,3,14,0,0,26,207,233,8.28,-72,0.888888889,163,6.269230769,0.884615385,0.748792271,17.03076923,8.690048309,147,0.630901288
C7PT,7,2,2,22,14,1,11,1,3,0,0,1,2,0,2,1,1,0,0,0,1,0,0,8,89,0,1,0,0,0,0,2,3,0,0,0,1,0,0,1,6,0,0,14,109,123,4.739130435,38,0.888888889,84,6,1,0.972477064,11.52857143,4.473761468,98,0.796747967
PTPT,7,2,2,24,25,1,12,1,4,0,0,0,0,0,0,0,0,0,0,0,1,0,0,18,115,0,21,1,0,0,1,1,0,0,0,1,0,0,1,1,2,0,0,23,145,168,5.8,-7,0.777777778,108,4.695652174,1,0.84137931,5.427826087,1.584,154,0.916666667
HCPT,7,2,2,19,15,4,8,0,0,0,0,0,0,0,0,1,0,1,0,0,0,0,0,10,65,1,12,1,2,0,0,1,3,0,0,1,2,0,0,1,4,1,4,18,92,110,4,51,0.666666667,69,3.833333333,0.833333333,0.826086957,10.07777778,4.250869565,88,0.8
C,1,2,4,19,4,2,23,1,13,1,1,3,10,1,3,4,15,0,4,0,0,0,2,1,125,0,43,2,9,0,5,1,5,1,4,0,21,2,1,4,43,1,1,22,305,327,14.52380952,-55.33333334,1,158,7.181818182,0.727272727,0.790163934,23.98363636,11.31829508,169,0.516819572
HCHC,1,2,4,23,29,2,12,1,13,0,0,0,9,0,0,1,12,0,0,0,0,0,1,0,33,0,9,0,11,0,4,0,9,0,1,1,21,0,1,2,10,2,4,7,138,145,5.52,126.6666667,1,45,6.428571429,0.714285714,0.855072464,27.09714286,16.85304348,42,0.289655172
HCC7,1,2,4,14,19,6,12,0,0,0,0,0,0,0,1,0,1,0,0,1,0,0,2,1,10,0,42,0,7,0,1,0,2,0,0,0,0,0,1,2,28,0,0,4,95,99,4.75,172.6666667,0.888888889,8,2,1,0.505263158,19.14,11.75452632,53,0.535353535
HCPT,1,2,4,19,21,3,17,1,1,0,0,0,4,0,3,1,13,0,0,0,1,0,0,3,48,0,1,2,10,0,1,1,0,0,1,0,1,0,1,3,38,0,3,11,126,137,5.727272727,134.6666667,1,51,4.636363636,1,0.920634921,19.06181818,15.90222222,52,0.379562044
C7C7,1,2,4,16,24,3,12,0,0,0,0,0,0,0,0,2,10,0,0,1,18,0,0,0,102,0,4,1,4,0,0,0,0,0,0,2,5,0,0,0,0,0,1,6,144,150,7.578947368,121.6666667,0.666666667,50,8.333333333,1,0.965277778,22.76,5.910277778,106,0.706666667
C7PT,1,2,4,13,20,7,6,1,2,0,0,0,0,0,0,0,0,0,0,0,0,1,0,1,120,0,1,0,0,0,0,0,0,0,0,1,0,0,0,0,0,0,0,4,123,127,6.15,144.6666667,0.444444444,51,12.75,0.75,0.991869919,17.07,0.459837398,122,0.960629921
PTPT,1,2,4,16,13,6,18,0,1,0,0,7,38,0,1,0,9,0,0,0,0,1,0,3,84,0,25,0,4,0,1,4,19,0,0,0,0,0,0,1,5,0,0,16,187,203,8.5,68.66666666,0.888888889,74,4.625,0.9375,0.855614973,18.8375,9.847700535,112,0.551724138
C,2,2,4,20,18,1,0,2,18,0,3,0,2,0,1,6,35,0,7,1,13,0,4,0,125,0,14,0,15,0,1,2,12,0,1,2,8,0,0,2,13,0,3,15,275,290,13.0952381,-18.33333334,1,144,9.6,1,0.876363636,26.624,12.66094545,139,0.479310345
HCHC,2,2,4,20,28,2,5,0,11,0,1,0,0,0,3,3,19,0,1,1,0,0,0,0,11,0,3,1,2,0,0,0,0,0,2,1,26,0,0,0,37,0,2,6,118,124,5.363636364,147.6666667,1,54,9,1,0.898305085,24.14,22.74949153,14,0.112903226
HCC7,2,2,4,19,19,1,14,0,0,0,0,0,0,0,0,0,0,0,0,0,0,0,0,0,25,0,0,0,0,0,0,0,0,0,0,1,6,0,1,0,5,0,0,1,37,38,1.85,233.6666667,0.333333333,6,6,1,0.972972973,20,7.605405405,25,0.657894737
HCPT,2,2,4,17,22,2,16,1,5,0,0,1,3,0,1,1,0,0,1,0,0,0,4,3,131,0,7,2,2,0,6,1,6,0,0,3,11,0,2,0,7,1,0,13,186,199,9.789473684,72.66666666,1,90,6.923076923,0.923076923,0.887096774,17.93230769,6.007096774,141,0.708542714
C7C7,2,2,4,17,18,6,25,1,5,0,0,1,14,0,0,0,0,0,0,0,4,0,0,0,65,0,0,0,0,0,0,1,10,0,0,0,1,0,0,0,0,0,0,3,99,102,4.304347826,169.6666667,0.666666667,5,1.666666667,1,1,25.52,8.123232323,65,0.637254902
C7PT,2,2,4,18,32,3,8,1,0,0,0,1,12,0,3,0,1,0,1,0,7,0,0,3,119,0,14,1,4,0,2,2,0,0,0,1,1,1,1,5,25,1,5,16,195,211,9.285714286,60.66666666,1,76,4.75,0.875,0.866666667,20.9075,7.71774359,136,0.644549763
PTPT,2,2,4,17,22,5,12,3,19,0,3,2,10,1,3,1,3,1,0,3,18,0,1,0,184,0,50,0,2,0,0,3,10,0,4,2,11,0,0,4,21,1,0,21,339,360,15.40909091,-88.33333334,1,219,10.42857143,0.857142857,0.820058997,25.12571429,7.660176991,234,0.65
C,3,2,4,20,25,3,14,0,3,0,0,1,4,0,3,4,22,0,10,2,32,0,2,1,97,0,44,0,20,0,5,1,8,0,0,2,11,0,0,2,11,0,2,13,274,287,11.91304348,-15.33333334,1,100,7.692307692,1,0.759124088,22.92,11.40029197,142,0.494773519
HCHC,3,2,4,18,31,4,15,0,0,0,0,1,5,0,0,0,0,1,1,0,2,0,0,3,68,0,2,1,11,0,3,1,4,0,0,0,4,0,0,2,25,0,0,9,125,134,5.681818182,137.6666667,0.888888889,41,4.555555556,0.888888889,0.952,17.01333333,10.7872,73,0.544776119
HCC7,3,2,4,21,22,1,7,1,2,0,0,0,13,0,0,1,7,0,1,0,0,0,0,0,78,0,0,0,0,0,0,0,0,0,0,1,0,0,0,2,25,0,2,5,128,133,5.818181818,138.6666667,0.666666667,57,11.4,1,0.9765625,26.624,10.2059375,78,0.586466165
HCPT,3,2,4,20,33,1,5,1,3,0,0,0,1,0,1,2,1,0,0,1,10,0,0,0,79,0,3,2,10,0,0,0,3,0,0,1,3,0,0,4,40,0,1,11,155,166,7.380952381,105.6666667,1,50,4.545454545,1,0.967741935,25.26909091,11.98348387,82,0.493975904
C7C7,3,2,4,14,22,5,24,2,3,0,0,0,6,0,0,0,0,0,0,0,2,0,0,1,127,0,5,0,7,0,0,3,0,0,0,0,0,0,0,0,2,0,0,6,152,158,8,113.6666667,0.777777778,55,9.166666667,1,0.967105263,23.56666667,2.903947368,133,0.841772152
C7PT,3,2,4,14,39,10,17,1,6,0,0,0,0,0,0,0,0,0,0,0,0,0,0,0,6,0,0,1,1,0,0,0,0,0,0,1,4,0,0,0,1,0,0,3,18,21,0.75,250.6666667,0.555555556,-61,-20.33333333,1,1,22.76,16.55333333,6,0.285714286
PTPT,3,2,4,18,26,3,9,4,16,0,1,0,14,0,0,0,0,1,3,0,0,0,2,3,93,0,37,1,7,0,4,3,7,0,9,0,0,0,1,0,18,0,1,12,213,225,10.14285714,46.66666666,1,72,6,0.916666667,0.727699531,20.52,9.931455399,133,0.591111111
C,4,2,4,17,18,5,7,0,1,0,0,1,19,0,1,2,9,0,0,0,1,0,1,4,131,0,35,1,1,1,6,1,3,0,0,2,7,1,5,1,2,0,2,14,224,238,10.18181818,33.66666666,1,114,8.142857143,0.857142857,0.776785714,16.65142857,5.806964286,170,0.714285714
HCHC,4,2,4,20,26,4,8,0,2,1,3,0,0,0,0,2,9,1,0,0,0,0,0,1,120,0,1,1,5,0,2,1,3,0,1,0,13,0,0,1,1,0,0,8,160,168,6.666666667,103.6666667,0.777777778,72,9,0.75,0.95625,23.71,5.85825,122,0.726190476
HCC7,4,2,4,20,22,2,9,0,1,0,1,0,7,0,1,1,10,0,2,1,5,0,2,3,74,0,1,1,2,0,0,0,0,0,0,1,0,0,0,1,8,0,0,8,114,122,5.181818182,149.6666667,0.888888889,32,4,1,0.938596491,14.57,8.44,78,0.639344262
HCPT,4,2,4,12,22,9,23,1,5,0,0,1,5,0,0,0,8,0,1,0,0,0,3,3,81,0,2,1,10,1,4,0,0,0,1,0,1,0,1,3,13,1,2,11,137,148,6.523809524,123.6666667,1,22,2,0.818181818,0.897810219,18.30909091,9.696350365,86,0.581081081
C7C7,4,2,4,16,26,4,11,0,0,0,0,0,0,0,0,1,5,0,0,0,0,0,0,0,0,0,0,0,1,1,0,0,3,0,0,0,0,0,0,0,7,0,0,2,16,18,0.8,253.6666667,0.444444444,-7,-3.5,0.5,1,24.14,27.7625,0,0
C7PT,4,2,4,17,35,3,12,0,0,0,0,0,0,0,0,0,17,0,1,2,7,0,0,0,1,0,0,0,1,0,0,0,13,0,0,0,0,0,0,0,3,0,0,2,43,45,2.15,226.6666667,0.666666667,25,12.5,1,0.976744186,20,26.08186047,1,0.022222222
PTPT,4,2,4,22,37,1,6,1,5,2,9,0,7,0,6,1,5,2,2,0,1,0,4,1,1,0,0,0,0,1,9,0,1,0,4,0,2,0,2,0,1,1,5,9,64,73,2.782608696,198.6666667,1,-30,-3.333333333,0.333333333,0.359375,24.21777778,23.8275,2,0.02739726
C,5,2,4,22,25,3,11,2,7,0,0,4,22,1,0,0,4,0,1,1,3,0,3,0,131,0,27,0,0,0,0,2,8,0,0,1,10,0,0,2,22,0,0,13,238,251,9.52,20.66666666,0.888888889,91,7,0.923076923,0.869747899,23.82153846,8.183865546,158,0.629482072
HCHC,5,2,4,19,28,3,9,1,9,0,0,0,5,0,0,0,1,0,0,0,2,0,0,0,6,0,0,0,7,0,0,1,5,0,0,0,1,0,1,1,23,0,0,3,60,63,2.727272727,208.6666667,1,-81,-27,1,0.983333333,28.28,23.244,6,0.095238095
HCC7,5,2,4,19,18,5,5,0,0,0,0,0,0,0,0,0,0,0,0,0,0,0,0,0,0,0,0,0,1,0,0,0,0,0,0,1,3,0,0,0,0,0,1,1,5,6,0.208333333,265.6666667,0.333333333,-15,-15,1,0.8,20,21.656,0,0
HCPT,5,2,4,20,24,3,11,1,11,0,0,0,7,0,2,2,3,0,0,0,1,0,0,3,88,0,4,0,2,0,0,1,3,0,1,2,6,0,2,4,10,0,6,13,146,159,6.347826087,112.6666667,1,-14,-1.076923077,1,0.897260274,20.48,9.325479452,95,0.597484277
C7C7,5,2,4,21,27,3,9,1,4,0,0,1,4,0,0,0,0,0,0,0,3,0,0,0,61,0,0,0,0,0,0,2,7,0,0,0,0,0,0,0,2,0,0,4,81,85,3.375,186.6666667,0.666666667,-54,-13.5,1,1,26.21,6.267160494,61,0.717647059
C7PT,5,2,4,20,25,1,0,0,0,0,1,1,0,0,0,1,8,0,7,0,2,0,11,0,3,0,0,1,5,0,3,0,0,0,0,2,18,0,6,4,18,0,2,9,84,93,4,178.6666667,0.888888889,-64,-7.111111111,1,0.642857143,24.6,22.83428571,3,0.032258065
PTPT,5,2,4,21,43,3,1,5,37,0,5,1,7,0,2,0,0,1,0,2,15,0,1,0,86,0,8,1,9,0,1,3,16,0,0,4,9,1,4,1,19,0,7,19,226,245,9.416666667,26.66666666,1,49,2.578947368,0.894736842,0.876106195,24.35789474,14.75893805,94,0.383673469
C,6,2,4,20,30,4,13,0,1,0,0,0,0,0,0,1,5,2,2,0,0,0,1,4,137,2,39,2,11,1,5,2,0,0,0,0,9,0,4,1,3,1,4,16,221,237,9.208333333,34.66666666,0.888888889,87,5.4375,0.625,0.751131222,16.1225,4.63438914,182,0.767932489
HCHC,6,2,4,24,67,1,6,0,0,0,0,0,0,0,0,0,0,0,0,0,0,0,0,0,1,0,1,0,0,0,0,0,0,0,0,0,1,0,0,1,14,0,0,1,17,18,0.68,253.6666667,0.333333333,-101,-101,1,0.941176471,28.28,24.46588235,2,0.111111111
HCC7,6,2,4,16,28,8,35,0,12,0,0,1,8,1,0,2,16,0,0,0,0,0,0,0,9,0,0,0,0,0,1,0,0,0,1,0,1,0,0,1,1,0,0,5,49,54,2.041666667,217.6666667,0.888888889,-70,-14,0.8,0.959183673,24.968,21.39591837,9,0.166666667
HCPT,6,2,4,21,40,2,16,2,8,0,1,0,0,0,0,1,11,0,1,4,30,0,4,2,88,0,3,0,2,0,0,0,0,0,0,1,4,0,0,2,11,0,4,12,167,179,7.260869565,92.66666666,0.777777778,54,4.5,1,0.922155689,20.11666667,10.88670659,93,0.519553073
C7C7,6,2,4,20,11,3,10,0,0,0,0,0,5,0,0,0,0,1,1,0,2,0,0,0,1,0,0,0,2,0,0,0,0,0,0,0,0,0,0,0,1,0,0,1,12,13,0.52173913,258.6666667,0.666666667,-10,-10,0,0.916666667,28.28,19.71333333,1,0.076923077
C7PT,6,2,4,19,25,3,2,1,14,0,0,0,9,0,1,0,0,0,0,0,0,0,1,0,0,0,0,0,0,0,0,0,0,0,0,0,0,0,0,0,3,0,0,1,28,29,1.272727273,242.6666667,0.444444444,-11,-11,1,0.928571429,28.28,25.02714286,0,0
PTPT,6,2,4,21,23,4,21,1,9,0,1,0,5,0,2,1,31,0,11,1,0,0,0,2,91,0,47,4,26,0,0,1,3,1,7,0,6,0,0,4,31,0,4,15,274,289,10.96,-17.33333334,1,67,4.466666667,0.933333333,0.737226277,21.74933333,12.85824818,140,0.484429066
C7PT,7,2,4,22,14,1,11,0,1,0,5,3,10,0,4,1,5,0,2,0,0,0,6,0,9,0,10,0,3,0,7,1,1,0,3,1,4,0,3,1,3,1,7,8,83,91,3.608695652,180.6666667,1,-26,-3.25,0.875,0.43373494,24.14,18.11518072,19,0.208791209
PTPT,7,2,4,24,25,1,12,1,5,1,1,1,4,1,4,5,5,0,1,1,2,0,0,1,103,0,29,0,1,0,0,2,1,0,0,2,12,1,2,2,2,0,1,18,173,191,6.92,80.66666666,1,28,1.555555556,0.833333333,0.780346821,23.94888889,5.50566474,133,0.696335079
HCPT,7,2,4,19,15,4,8,1,0,0,0,0,0,0,0,1,1,0,1,1,0,0,0,2,92,1,14,1,4,0,0,1,9,0,0,2,12,0,2,1,2,0,1,11,138,149,6,122.6666667,0.888888889,46,4.181818182,0.909090909,0.869565217,17.55636364,5.477681159,109,0.731543624
C,1,2,6,19,4,2,23,3,28,1,4,0,23,0,3,1,46,0,7,0,1,0,5,3,132,0,28,3,20,2,12,3,10,0,5,2,43,1,6,3,41,2,5,24,419,443,19.95238095,-112,1,114,4.75,0.75,0.821002387,21.985,15.24792363,163,0.367945824
HCHC,1,2,6,23,29,2,12,1,10,0,0,0,7,0,0,0,11,0,0,0,1,0,0,1,27,0,5,0,12,0,1,0,7,0,0,0,17,0,2,0,11,0,0,2,111,113,4.44,218,1,-27,-13.5,1,0.927927928,14.14,17.14342342,33,0.292035398
HCC7,1,2,6,14,19,6,12,0,0,0,0,0,0,0,1,0,2,0,0,0,4,0,0,2,6,0,2,1,9,0,3,0,1,0,0,0,2,1,2,2,29,0,0,6,61,67,3.05,264,0.888888889,-34,-5.666666667,0.833333333,0.868852459,16.09333333,21.72065574,10,0.149253731
HCPT,1,2,6,19,21,3,17,0,0,0,4,0,0,0,1,0,4,0,7,0,0,0,0,1,44,0,2,1,11,0,0,1,4,0,0,0,4,1,5,3,45,1,8,8,139,147,6.318181818,184,0.888888889,13,1.625,0.75,0.805755396,22.675,17.67021583,47,0.319727891
C7C7,1,2,6,16,24,3,12,0,1,0,2,0,1,0,1,1,17,0,0,0,1,0,1,1,96,0,0,0,3,0,1,0,0,0,1,0,0,0,0,0,0,0,0,2,125,127,6.578947368,204,0.777777778,-19,-9.5,1,0.952,14.14,6.03104,97,0.763779528
C7PT,1,2,6,13,20,7,6,0,3,0,0,0,0,0,0,1,0,0,0,0,1,0,0,3,82,0,3,0,1,0,0,0,0,0,0,1,5,0,0,1,4,0,1,6,100,106,5,225,0.777777778,-23,-3.833333333,1,0.96,12.76,3.6624,88,0.830188679
PTPT,1,2,6,16,13,6,18,1,3,1,12,2,43,2,4,4,38,0,2,0,6,0,4,0,106,1,37,1,7,0,3,3,40,0,4,1,2,0,2,1,17,1,6,18,336,354,15.27272727,-23,1,149,8.277777778,0.722222222,0.779761905,23.94888889,14.49452381,144,0.406779661
C,2,2,6,20,18,1,0,3,32,0,3,3,16,0,2,0,45,0,3,0,24,1,7,1,123,1,14,1,20,1,0,3,25,0,1,1,13,0,1,1,18,0,1,16,348,364,16.57142857,-33,1,73,4.5625,0.8125,0.908045977,21.1225,15.17195402,139,0.381868132
HCHC,2,2,6,20,28,2,5,0,0,0,0,0,0,0,0,1,24,0,0,0,0,0,2,0,2,0,0,1,3,0,0,0,0,0,0,1,27,0,0,0,27,1,0,4,85,89,3.863636364,242,0.666666667,-33,-8.25,0.75,0.976470588,24.14,24.49741176,2,0.02247191
HCC7,2,2,6,19,19,1,14,0,0,0,0,0,0,0,0,0,0,0,0,0,1,0,0,0,18,0,1,0,0,0,0,0,0,0,0,1,10,0,0,0,5,0,0,1,35,36,1.75,295,0.444444444,-2,-2,1,0.971428571,20,10.32571429,19,0.527777778
HCPT,2,2,6,17,22,2,16,1,7,0,0,1,9,0,4,0,0,0,0,0,1,0,2,3,134,1,2,1,1,0,0,0,11,0,1,1,30,0,0,1,10,0,1,9,213,222,11.21052632,109,0.888888889,27,3,0.888888889,0.953051643,12.95111111,8.396244131,140,0.630630631
C7C7,2,2,6,17,18,6,25,0,0,0,2,0,11,0,0,0,1,0,0,0,0,0,1,0,63,0,0,0,0,0,0,2,19,0,0,0,1,0,0,0,0,0,0,2,98,100,4.260869565,231,0.777777778,-1,-0.5,1,0.969387755,28.28,9.001632653,63,0.63
C7PT,2,2,6,18,32,3,8,1,2,0,0,0,12,0,2,0,10,2,1,1,3,0,1,1,91,0,6,2,11,0,3,1,1,0,5,0,10,0,3,1,9,1,3,10,173,183,8.238095238,148,1,-22,-2.2,0.7,0.861271676,22.968,10.26982659,98,0.535519126
PTPT,2,2,6,17,22,5,12,3,21,0,8,2,11,0,0,0,0,0,0,0,28,1,4,0,92,0,33,0,9,0,0,4,20,0,0,3,16,0,1,3,21,0,0,16,264,280,12,51,0.888888889,-75,-4.6875,0.9375,0.825757576,25.175,12.72575758,125,0.446428571
C,3,2,6,20,25,3,14,3,12,0,2,1,10,0,1,4,27,0,23,0,29,0,0,1,95,0,36,0,10,0,6,2,8,0,4,2,14,0,0,1,16,0,0,14,293,307,12.73913043,24,1,19,1.357142857,1,0.754266212,24.48571429,13.65788396,132,0.429967427
HCHC,3,2,6,18,31,4,15,0,1,0,0,2,9,0,0,1,1,0,0,1,2,0,0,1,66,0,4,1,18,0,4,2,6,0,1,0,0,0,0,3,14,0,0,11,126,137,5.727272727,194,0.888888889,1,0.090909091,1,0.928571429,22.69818182,10.40031746,71,0.518248175
HCC7,3,2,6,21,22,1,7,0,2,0,0,0,5,0,0,0,9,0,0,0,0,0,0,0,53,0,0,0,5,0,1,0,0,0,0,0,0,0,0,1,3,0,0,1,78,79,3.545454545,252,0.666666667,-50,-50,1,0.987179487,28.28,7.896410256,53,0.670886076
HCPT,3,2,6,20,33,1,5,3,20,0,3,0,0,1,0,0,7,1,3,1,10,0,5,0,91,0,0,1,14,0,0,0,13,0,0,3,5,1,1,1,1,0,2,12,175,187,8.333333333,144,1,20,1.666666667,0.75,0.92,23.45,11.9184,91,0.486631016
C7C7,3,2,6,14,22,5,24,0,5,0,0,0,0,0,0,0,2,0,0,0,1,0,0,0,63,0,2,0,7,0,1,1,1,0,0,0,0,0,0,0,8,0,0,1,90,91,4.736842105,240,0.777777778,-62,-62,1,0.966666667,28.28,7.027555556,65,0.714285714
C7PT,3,2,6,14,39,10,17,3,17,0,0,0,0,0,0,0,0,0,0,0,0,0,0,0,6,0,0,7,5,0,1,0,0,0,0,0,1,0,0,0,1,0,0,10,31,41,1.291666667,290,0.555555556,13,1.3,1,0.967741935,22.484,20.93677419,6,0.146341463
PTPT,3,2,6,18,26,3,9,1,23,0,0,1,17,1,1,0,2,0,0,1,2,0,0,0,128,0,43,0,11,1,2,1,16,0,17,3,7,0,4,0,7,0,0,9,280,289,13.33333333,42,1,67,7.444444444,0.777777778,0.760714286,21.84,9.707857143,171,0.591695502
C,4,2,6,17,18,5,7,2,7,0,0,0,0,0,0,1,16,0,3,1,6,1,2,1,110,0,39,0,0,0,11,0,7,0,0,0,2,1,2,3,2,0,2,10,209,219,9.5,112,0.888888889,-15,-1.5,0.8,0.717703349,22.968,7.207464115,150,0.684931507
HCHC,4,2,6,20,26,4,8,1,1,0,0,1,2,0,0,1,17,0,0,0,0,0,0,0,78,0,9,0,8,0,0,0,0,0,0,0,10,0,0,0,0,0,0,3,125,128,5.208333333,203,0.666666667,-35,-11.66666667,1,0.928,25.52,7.27232,87,0.6796875
HCC7,4,2,6,20,22,2,9,0,0,0,0,1,4,0,0,0,6,0,2,0,1,0,0,1,57,0,4,0,0,0,0,1,2,0,0,0,4,0,0,1,13,0,0,4,93,97,4.227272727,234,0.777777778,-21,-5.25,1,0.935483871,19.14,8.929462366,62,0.639175258
HCPT,4,2,6,12,22,9,23,2,11,0,0,1,8,0,0,1,8,0,0,0,0,0,0,0,76,0,5,1,9,0,4,1,5,0,0,0,0,0,0,1,22,0,4,7,152,159,7.238095238,172,0.777777778,15,2.142857143,1,0.914473684,25.91428571,12.06578947,81,0.509433962
C7C7,4,2,6,16,26,4,11,0,0,0,0,0,0,0,0,0,0,0,0,0,1,0,0,0,0,0,0,0,0,0,0,0,3,0,0,0,0,0,0,0,9,0,0,0,13,13,0.65,318,0.333333333,-3,,,1,,27.64307692,0,0
C7PT,4,2,6,17,35,3,12,1,0,0,1,0,0,0,0,0,15,0,0,0,0,0,0,0,2,0,0,0,1,0,1,0,1,0,0,0,0,0,0,0,2,0,0,1,23,24,1.15,307,0.666666667,-20,-20,1,0.913043478,28.28,25.10086957,2,0.083333333
PTPT,4,2,6,22,37,1,6,0,0,1,1,1,6,0,3,1,3,1,6,0,0,0,0,0,1,0,0,1,2,0,0,0,2,0,0,0,0,0,1,0,0,0,6,5,31,36,1.347826087,295,0.888888889,-33,-6.6,0.6,0.451612903,24.968,24.16258065,1,0.027777778
C,5,2,6,22,25,3,11,1,10,2,11,0,49,1,7,1,13,0,4,2,15,0,7,0,91,0,36,0,9,1,4,0,15,0,3,4,24,2,8,2,27,0,8,16,341,357,13.64,-26,1,103,6.4375,0.625,0.741935484,23.105,14.76093842,127,0.355742297
HCHC,5,2,6,19,28,3,9,0,10,0,0,0,5,0,0,1,6,0,0,0,3,0,1,0,5,0,2,0,9,0,0,1,17,0,0,0,1,0,2,0,29,1,0,3,90,93,4.090909091,238,1,30,10,0.666666667,0.944444444,28.28,24.14844444,7,0.075268817
HCC7,5,2,6,19,18,5,5,0,0,0,0,0,0,0,0,0,0,0,0,0,0,0,0,0,0,0,0,0,3,0,0,0,3,0,0,0,2,0,0,0,0,1,4,1,12,13,0.5,318,0.444444444,7,7,0,0.666666667,28.28,24.83,0,0
HCPT,5,2,6,20,24,3,11,1,28,0,2,0,7,0,7,3,8,0,1,1,0,0,9,0,77,0,16,3,14,0,1,0,7,0,3,2,8,0,2,0,33,0,7,10,230,240,10,91,1,84,8.4,1,0.791304348,23.312,15.11704348,93,0.3875
C7C7,5,2,6,21,27,3,9,1,9,0,0,1,14,0,2,0,0,0,0,0,5,0,0,0,98,0,3,0,5,0,0,2,19,0,0,0,0,0,0,0,6,0,0,4,161,165,6.708333333,166,0.777777778,80,20,1,0.968944099,26.21,9.201987578,101,0.612121212
C7PT,5,2,6,20,25,1,0,0,0,0,0,0,0,0,0,1,1,0,1,0,0,0,0,0,0,0,0,0,0,0,6,0,0,0,0,1,25,0,0,0,9,0,4,2,46,48,2.19047619,283,0.444444444,-38,-19,1,0.760869565,24.14,22.7,0,0
PTPT,5,2,6,21,43,3,1,4,50,0,0,1,17,1,2,2,1,0,0,2,17,0,6,1,91,0,18,0,12,0,3,3,32,1,11,1,9,0,2,2,26,0,12,18,309,327,12.875,4,1,83,4.611111111,0.888888889,0.825242718,24.40888889,16.4820712,110,0.336391437
C,6,2,6,20,30,4,13,1,4,0,0,3,12,0,2,0,5,0,6,0,4,0,7,1,130,0,41,1,17,1,4,0,9,0,0,1,18,1,5,0,12,1,10,10,286,296,11.91666667,35,1,65,6.5,0.7,0.737762238,19.656,9.373706294,172,0.581081081
HCHC,6,2,6,24,67,1,6,0,0,0,0,0,0,0,0,0,0,0,0,0,0,0,0,0,0,0,0,0,0,0,0,0,0,0,0,0,3,0,0,1,14,0,0,1,17,18,0.68,313,0.222222222,0,0,1,1,28.28,26.81882353,0,0
HCC7,6,2,6,16,28,8,35,0,0,0,0,1,26,0,1,1,33,0,0,0,0,0,0,1,6,0,0,0,0,0,0,0,1,0,0,0,0,0,0,1,7,0,1,4,75,79,3.125,252,0.555555556,26,6.5,1,0.973333333,19.14,23.0368,7,0.088607595
HCPT,6,2,6,21,40,2,16,1,21,0,0,0,3,0,2,1,14,3,6,3,50,0,5,1,141,0,13,0,2,0,5,0,0,0,2,1,2,0,4,0,0,0,1,10,271,281,11.7826087,50,1,104,10.4,0.7,0.859778598,22.14,9.97904059,155,0.551601423
C7C7,6,2,6,20,11,3,10,0,0,0,0,0,7,0,0,0,1,0,0,0,0,0,0,0,11,0,0,0,2,0,0,0,0,0,0,0,0,0,0,0,0,0,0,0,21,21,0.913043478,310,0.444444444,9,,,1,,9.918095238,11,0.523809524
C7PT,6,2,6,19,25,3,2,0,8,0,0,0,3,0,0,0,0,0,0,0,0,0,2,0,0,0,0,0,0,0,0,0,0,0,0,0,0,0,0,0,1,0,0,0,14,14,0.636363636,317,0.444444444,-14,,,0.857142857,,25.32285714,0,0
PTPT,6,2,6,21,23,4,21,1,16,0,7,0,7,0,7,0,40,1,14,0,8,0,0,1,97,0,36,4,53,0,14,1,8,0,1,0,7,0,6,4,64,1,5,13,390,403,15.6,-72,1,116,8.923076923,0.846153846,0.769230769,23.55692308,16.47025641,134,0.332506203
C7PT,7,2,6,22,14,1,11,0,0,0,0,2,15,0,0,1,6,0,0,0,0,0,0,0,2,0,0,0,5,0,0,1,1,0,0,1,1,0,0,1,6,0,1,6,37,43,1.608695652,288,0.777777778,-46,-7.666666667,1,0.972972973,24.14,22.05189189,2,0.046511628
PTPT,7,2,6,24,25,1,12,2,12,0,14,1,6,0,7,5,16,0,5,1,2,2,12,3,108,0,19,0,3,0,2,2,5,0,4,2,22,0,0,2,10,0,0,20,247,267,9.88,64,1,74,3.7,0.9,0.744939271,21.554,11.92906883,130,0.486891386
HCPT,7,2,6,19,15,4,8,0,0,0,1,0,2,0,0,0,8,0,0,0,0,0,3,0,97,0,17,3,16,0,0,1,10,1,4,1,21,0,0,1,12,0,0,7,191,198,8.304347826,133,1,53,7.571428571,0.857142857,0.869109948,23.54857143,9.580104712,114,0.575757576
