"","Treat","HC","C7","PT","Rep","Block","Day","Adtot","Nymtot","Poptot","propcol","adtop","nymtop","addist","nymdist","centtot","centprop","totinf","propinf"
"1","Control",0,0,0,1,1,2,23,177,200,1,0.913043478,0.632768362,19.25217391,11.55412429,105,0.525,9,1
"2","HCHC",2,0,0,1,1,2,13,135,148,0.888888889,0.846153846,0.622222222,11.14153846,4.587851852,116,0.783783784,8,0.888888888888889
"3","HCC7",1,1,0,1,1,2,12,70,82,0.777777778,0.666666667,0.942857143,20.80666667,13.14457143,38,0.463414634,5,0.555555555555556
"4","HCPT",1,0,1,1,1,2,17,156,173,1,0.764705882,0.365384615,16.35058824,6.171794872,118,0.682080925,5,0.555555555555556
"5","C7C7",0,2,0,1,1,2,12,108,120,0.888888889,0.833333333,0.805555556,16.09333333,11.14407407,63,0.525,6,0.666666666666667
"6","C7PT",0,1,1,1,1,2,14,135,149,1,0.928571429,0.637037037,16.65142857,10.86666667,76,0.510067114,7,0.777777777777778
"7","PTPT",0,0,2,1,1,2,17,171,188,0.888888889,0.764705882,0.578947368,24.46588235,11.74573099,97,0.515957447,6,0.666666666666667
"8","Control",0,0,0,2,1,2,17,137,154,0.888888889,0.882352941,0.656934307,14.2,8.518248175,96,0.623376623,9,1
"9","HCHC",2,0,0,2,1,2,17,89,106,0.777777778,1,0.674157303,16.35058824,5.688089888,73,0.688679245,3,0.333333333333333
"10","HCC7",1,1,0,2,1,2,20,102,122,1,0.8,0.852941176,23.554,7.539607843,72,0.590163934,8,0.888888888888889
"11","HCPT",1,0,1,2,1,2,23,177,200,1,0.782608696,0.836158192,20.99130435,8.841581921,115,0.575,7,0.777777777777778
"12","C7C7",0,2,0,2,1,2,20,153,173,0.888888889,1,0.843137255,16.898,11.8020915,89,0.514450867,6,0.666666666666667
"13","C7PT",0,1,1,2,1,2,16,102,118,1,0.8125,0.823529412,20.9075,19.48156863,28,0.237288136,4,0.444444444444444
"14","PTPT",0,0,2,2,1,2,23,162,185,0.888888889,1,0.635802469,21.71130435,13.25382716,80,0.432432432,8,0.888888888888889
"15","Control",0,0,0,3,1,2,25,186,211,1,0.84,0.677419355,15.312,7.12344086,143,0.677725118,9,1
"16","HCHC",2,0,0,3,1,2,14,131,145,1,0.857142857,0.946564885,18.42571429,6.723358779,98,0.675862069,5,0.555555555555556
"17","HCC7",1,1,0,3,1,2,13,113,126,0.666666667,1,0.787610619,18.30461538,6.921769912,87,0.69047619,4,0.444444444444444
"18","HCPT",1,0,1,3,1,2,19,177,196,0.666666667,0.684210526,0.655367232,17.60631579,5.377627119,147,0.75,4,0.444444444444444
"19","C7C7",0,2,0,3,1,2,16,44,60,0.666666667,0.9375,0.840909091,6.035,6.129090909,45,0.75,6,0.666666666666667
"20","C7PT",0,1,1,3,1,2,19,132,151,0.888888889,0.789473684,0.787878788,19.89263158,11.08757576,73,0.483443709,5,0.555555555555556
"21","PTPT",0,0,2,3,1,2,19,148,167,0.888888889,0.684210526,0.506756757,17.35157895,9.474054054,92,0.550898204,1,0.111111111111111
"22","Control",0,0,0,4,1,2,15,105,120,0.777777778,0.866666667,0.80952381,17.19733333,10.84495238,63,0.525,5,0.555555555555556
"23","HCHC",2,0,0,4,1,2,18,72,90,0.888888889,0.944444444,0.847222222,24.40888889,5.967777778,54,0.6,8,0.888888888888889
"24","HCC7",1,1,0,4,1,2,15,74,89,0.888888889,0.933333333,0.837837838,17.19733333,12.21027027,45,0.505617978,9,1
"25","HCPT",1,0,1,4,1,2,15,109,124,0.888888889,0.8,0.770642202,24.18666667,12.03522936,56,0.451612903,7,0.777777777777778
"26","C7C7",0,2,0,4,1,2,14,101,115,1,0.857142857,0.871287129,19.26285714,13.59643564,49,0.426086957,5,0.555555555555556
"27","C7PT",0,1,1,4,1,2,19,153,172,0.888888889,1,0.699346405,20.07368421,8.217777778,100,0.581395349,8,0.888888888888889
"28","Control",0,0,0,5,1,2,21,145,166,0.777777778,1,0.606896552,14.35238095,6.864,114,0.686746988,7,0.777777777777778
"29","HCHC",2,0,0,5,1,2,14,175,189,0.888888889,0.714285714,0.405714286,14.97714286,6.456,139,0.735449735,7,0.777777777777778
"30","HCC7",1,1,0,5,1,2,16,88,104,0.888888889,0.8125,0.590909091,9.785,8.746363636,61,0.586538462,7,0.777777777777778
"31","HCPT",1,0,1,5,1,2,13,131,144,1,0.692307692,0.511450382,16.39384615,5.591450382,105,0.729166667,2,0.222222222222222
"32","C7C7",0,2,0,5,1,2,16,153,169,0.888888889,0.9375,0.816993464,17.3725,9.300130719,103,0.609467456,7,0.777777777777778
"33","C7PT",0,1,1,5,1,2,19,111,130,0.888888889,0.894736842,0.846846847,14.62947368,12.26594595,65,0.5,5,0.555555555555556
"34","PTPT",0,0,2,5,1,2,21,160,181,1,0.904761905,0.70625,19.01714286,9.238,107,0.591160221,6,0.666666666666667
"35","Control",0,0,0,6,1,2,22,225,247,0.888888889,0.863636364,0.626666667,21.25636364,11.40657778,128,0.518218623,3,0.333333333333333
"36","HCHC",2,0,0,6,1,2,15,126,141,1,0.733333333,0.833333333,16.64533333,8.495555556,87,0.617021277,7,0.777777777777778
"37","C7C7",0,2,0,6,1,2,16,111,127,1,0.9375,0.900900901,18.32,8.54990991,74,0.582677165,7,0.777777777777778
"38","PTPT",0,0,2,6,1,2,18,185,203,0.777777778,0.833333333,0.783783784,17.01333333,6.871351351,144,0.709359606,7,0.777777777777778
"39","Control",0,0,0,1,1,4,19,317,336,1,0.789473684,0.630914826,23.74105263,15.41993691,127,0.37797619,9,1
"40","HCHC",2,0,0,1,1,4,3,120,123,1,0.666666667,0.875,18.85333333,8.477666667,78,0.634146341,8,0.888888888888889
"41","HCC7",1,1,0,1,1,4,1,67,68,0.333333333,1,0.970149254,28.28,9.708059701,44,0.647058824,5,0.555555555555556
"42","HCPT",1,0,1,1,1,4,15,147,162,1,0.8,0.612244898,22.30133333,11.89387755,74,0.456790123,5,0.555555555555556
"43","C7C7",0,2,0,1,1,4,9,145,154,1,0.888888889,0.889655172,24.6,13.62786207,64,0.415584416,6,0.666666666666667
"44","C7PT",0,1,1,1,1,4,8,168,176,0.888888889,0.875,0.654761905,25.175,9.495714286,99,0.5625,7,0.777777777777778
"45","PTPT",0,0,2,1,1,4,17,248,265,1,0.764705882,0.637096774,24.18117647,17.17112903,87,0.328301887,6,0.666666666666667
"46","Control",0,0,0,2,1,4,15,288,303,1,0.866666667,0.753472222,21.74933333,13.67958333,134,0.442244224,9,1
"47","HCHC",2,0,0,2,1,4,14,153,167,1,0.785714286,0.830065359,24.14,9.651503268,92,0.550898204,3,0.333333333333333
"48","HCC7",1,1,0,2,1,4,10,150,160,0.888888889,1,0.92,26.624,17.90986667,43,0.26875,8,0.888888888888889
"49","HCPT",1,0,1,2,1,4,13,211,224,1,1,0.90521327,23.82153846,12.82028436,101,0.450892857,7,0.777777777777778
"50","C7C7",0,2,0,2,1,4,14,205,219,1,0.785714286,0.668292683,22.71142857,12.54614634,101,0.461187215,6,0.666666666666667
"51","C7PT",0,1,1,2,1,4,9,144,153,1,1,0.979166667,25.52,19.66194444,31,0.202614379,4,0.444444444444444
"52","PTPT",0,0,2,2,1,4,18,262,280,0.888888889,0.833333333,0.797709924,21.72666667,16.12961832,98,0.35,8,0.888888888888889
"53","Control",0,0,0,3,1,4,27,255,282,1,0.592592593,0.619607843,24.34518519,14.30839216,111,0.393617021,9,1
"54","HCHC",2,0,0,3,1,4,10,185,195,1,1,0.87027027,23.312,14.74118919,71,0.364102564,5,0.555555555555556
"55","HCC7",1,1,0,3,1,4,11,164,175,1,0.909090909,0.865853659,22.69818182,10.63609756,96,0.548571429,4,0.444444444444444
"56","HCPT",1,0,1,3,1,4,14,226,240,1,0.785714286,0.694690265,20.1,10.28176991,135,0.5625,4,0.444444444444444
"57","C7C7",0,2,0,3,1,4,16,142,158,1,0.9375,0.866197183,20.39,10.43774648,80,0.506329114,6,0.666666666666667
"58","C7PT",0,1,1,3,1,4,9,104,113,0.888888889,0.777777778,0.836538462,18.31555556,11.32038462,55,0.486725664,5,0.555555555555556
"59","PTPT",0,0,2,3,1,4,13,202,215,0.888888889,0.846153846,0.678217822,23.18461538,12.93366337,90,0.418604651,1,0.111111111111111
"60","Control",0,0,0,4,1,4,13,151,164,0.888888889,0.923076923,0.801324503,21.38153846,13.89960265,70,0.426829268,5,0.555555555555556
"61","HCHC",2,0,0,4,1,4,4,65,69,0.777777778,1,0.876923077,24.14,7.331692308,42,0.608695652,8,0.888888888888889
"62","HCC7",1,1,0,4,1,4,6,52,58,0.888888889,0.833333333,0.980769231,25.52,22.17769231,8,0.137931034,9,1
"63","HCPT",1,0,1,4,1,4,11,155,166,0.888888889,0.909090909,0.651612903,26.77454545,12.86864516,71,0.427710843,7,0.777777777777778
"64","C7C7",0,2,0,4,1,4,1,58,59,0.666666667,1,0.982758621,28.28,17.44551724,19,0.322033898,5,0.555555555555556
"65","C7PT",0,1,1,4,1,4,7,152,159,0.888888889,1,0.934210526,21.87428571,12.84105263,67,0.421383648,8,0.888888888888889
"66","Control",0,0,0,5,1,4,27,194,221,0.888888889,0.703703704,0.731958763,21.58518519,10.85030928,104,0.470588235,7,0.777777777777778
"67","HCHC",2,0,0,5,1,4,13,151,164,1,0.769230769,0.476821192,20.74461538,15.91417219,61,0.37195122,7,0.777777777777778
"68","HCC7",1,1,0,5,1,4,16,129,145,1,1,0.682170543,23.4075,13.33922481,51,0.351724138,7,0.777777777777778
"69","HCPT",1,0,1,5,1,4,3,121,124,0.777777778,1,0.52892562,22.76,5.888264463,92,0.741935484,2,0.222222222222222
"70","C7C7",0,2,0,5,1,4,10,145,155,0.888888889,1,0.917241379,28.28,12.30124138,79,0.509677419,7,0.777777777777778
"71","C7PT",0,1,1,5,1,4,11,113,124,0.888888889,0.909090909,0.867256637,24.51636364,12.65309735,56,0.451612903,5,0.555555555555556
"72","PTPT",0,0,2,5,1,4,18,258,276,1,0.944444444,0.697674419,21.91777778,14.38,113,0.40942029,6,0.666666666666667
"73","Control",0,0,0,6,1,4,20,224,244,1,0.9,0.75,21.726,15.965,77,0.31557377,3,0.333333333333333
"74","HCHC",2,0,0,6,1,4,5,124,129,0.888888889,1,0.879032258,15.312,8.888387097,80,0.620155039,7,0.777777777777778
"75","C7C7",0,2,0,6,1,4,7,113,120,0.555555556,1,0.955752212,19.01714286,12.06690265,58,0.483333333,7,0.777777777777778
"76","PTPT",0,0,2,6,1,4,24,201,225,1,0.958333333,0.815920398,23.365,11.64995025,113,0.502222222,7,0.777777777777778
"77","Control",0,0,0,1,1,6,11,347,358,1,1,0.688760807,25.26909091,14.69475504,138,0.38547486,9,1
"78","HCHC",2,0,0,1,1,6,0,106,106,0.666666667,NA,0.952830189,NA,8.061509434,67,0.632075472,8,0.888888888888889
"79","HCC7",1,1,0,1,1,6,0,71,71,0.333333333,NA,0.957746479,NA,7.169577465,53,0.746478873,5,0.555555555555556
"80","HCPT",1,0,1,1,1,6,3,138,141,1,0.666666667,0.65942029,25.52,11.62,69,0.489361702,5,0.555555555555556
"81","C7C7",0,2,0,1,1,6,3,138,141,1,1,0.905797101,22.76,13.39971014,65,0.460992908,6,0.666666666666667
"82","C7PT",0,1,1,1,1,6,2,106,108,0.555555556,1,0.924528302,24.14,8.894339623,63,0.583333333,7,0.777777777777778
"83","PTPT",0,0,2,1,1,6,9,206,215,1,0.555555556,0.723300971,24.21777778,16.17203883,81,0.376744186,6,0.666666666666667
"84","Control",0,0,0,2,1,6,12,519,531,1,0.833333333,0.63583815,24.54333333,12.62635838,259,0.487758945,9,1
"85","HCHC",2,0,0,2,1,6,5,201,206,1,1,0.696517413,26.624,13.61910448,84,0.40776699,3,0.333333333333333
"86","HCC7",1,1,0,2,1,6,2,192,194,1,1,0.921875,24.14,21.575625,30,0.154639175,8,0.888888888888889
"87","HCPT",1,0,1,2,1,6,3,363,366,1,1,0.719008264,28.28,15.5230854,121,0.330601093,7,0.777777777777778
"88","C7C7",0,2,0,2,1,6,4,213,217,1,1,0.896713615,22.07,10.33577465,117,0.539170507,6,0.666666666666667
"89","C7PT",0,1,1,2,1,6,3,223,226,1,1,0.659192825,28.28,13.45112108,102,0.451327434,4,0.444444444444444
"90","PTPT",0,0,2,2,1,6,9,511,520,1,0.777777778,0.722113503,23.29777778,18.40540117,144,0.276923077,8,0.888888888888889
"91","Control",0,0,0,3,1,6,7,448,455,1,0.857142857,0.732142857,24.73142857,14.87678571,181,0.397802198,9,1
"92","HCHC",2,0,0,3,1,6,7,157,164,1,0.857142857,0.917197452,23.54857143,15.6922293,57,0.347560976,5,0.555555555555556
"93","HCC7",1,1,0,3,1,6,4,165,169,0.777777778,1,0.921212121,12.07,12.09333333,90,0.532544379,4,0.444444444444444
"94","HCPT",1,0,1,3,1,6,12,267,279,0.888888889,0.916666667,0.752808989,18.45,11.41003745,145,0.519713262,4,0.444444444444444
"95","C7C7",0,2,0,3,1,6,6,181,187,1,0.833333333,0.861878453,12.76,12.18629834,94,0.502673797,6,0.666666666666667
"96","C7PT",0,1,1,3,1,6,3,126,129,0.888888889,1,0.849206349,25.52,9.475238095,75,0.581395349,5,0.555555555555556
"97","PTPT",0,0,2,3,1,6,5,333,338,1,0.8,0.6996997,24.968,14.51459459,117,0.346153846,1,0.111111111111111
"98","Control",0,0,0,4,1,6,7,193,200,0.777777778,1,0.92746114,16.16,17.99398964,65,0.325,5,0.555555555555556
"99","HCHC",2,0,0,4,1,6,5,114,119,1,1,0.98245614,19.312,15.49438596,42,0.352941176,8,0.888888888888889
"100","HCC7",1,1,0,4,1,6,4,61,65,0.888888889,1,1,24.14,23.54163934,7,0.107692308,9,1
"101","HCPT",1,0,1,4,1,6,8,216,224,1,0.875,0.796296296,25.175,16.975,72,0.321428571,7,0.777777777777778
"102","C7C7",0,2,0,4,1,6,2,66,68,0.777777778,1,0.878787879,0,11.55757576,34,0.5,5,0.555555555555556
"103","C7PT",0,1,1,4,1,6,1,180,181,0.888888889,1,0.988888889,28.28,14.978,63,0.348066298,8,0.888888888888889
"104","Control",0,0,0,5,1,6,15,276,291,0.888888889,0.8,0.858695652,24.18666667,14.76637681,108,0.371134021,7,0.777777777777778
"105","HCHC",2,0,0,5,1,6,3,112,115,1,1,0.785714286,20,11.38642857,59,0.513043478,7,0.777777777777778
"106","HCC7",1,1,0,5,1,6,3,35,38,0.555555556,0.666666667,0.971428571,22.76,19.09371429,2,0.052631579,7,0.777777777777778
"107","HCPT",1,0,1,5,1,6,3,97,100,0.555555556,1,0.577319588,9.426666667,2.86556701,88,0.88,2,0.222222222222222
"108","C7C7",0,2,0,5,1,6,9,202,211,0.777777778,0.888888889,0.792079208,23.29777778,14.98316832,91,0.431279621,7,0.777777777777778
"109","C7PT",0,1,1,5,1,6,10,143,153,0.888888889,0.8,0.958041958,16.484,11.86041958,79,0.516339869,5,0.555555555555556
"110","PTPT",0,0,2,5,1,6,15,376,391,1,0.8,0.752659574,26.072,15.63617021,140,0.358056266,6,0.666666666666667
"111","Control",0,0,0,6,1,6,15,409,424,1,0.866666667,0.640586797,23.63466667,17.42503667,117,0.275943396,3,0.333333333333333
"112","HCHC",2,0,0,6,1,6,0,105,105,0.888888889,NA,0.961904762,NA,5.531047619,83,0.79047619,7,0.777777777777778
"113","C7C7",0,2,0,6,1,6,9,142,151,0.666666667,1,0.929577465,10.72888889,14.87746479,60,0.397350993,7,0.777777777777778
"114","PTPT",0,0,2,6,1,6,11,269,280,1,0.818181818,0.82527881,21.94545455,15.16386617,112,0.4,7,0.777777777777778
"115","Control",0,0,0,1,2,2,22,147,169,0.777777778,0.772727273,0.632653061,13.54363636,3.692517007,134,0.792899408,8,0.888888888888889
"116","HCHC",2,0,0,1,2,2,19,93,112,1,0.947368421,0.989247312,17.35157895,18.20688172,27,0.241071429,9,1
"117","HCC7",1,1,0,1,2,2,9,87,96,0.666666667,1,0.988505747,27.36,7.309425287,61,0.635416667,8,0.888888888888889
"118","HCPT",1,0,1,1,2,2,15,75,90,0.888888889,0.933333333,0.853333333,14.208,12.87466667,41,0.455555556,8,0.888888888888889
"119","C7PT",0,1,1,1,2,2,17,72,89,0.555555556,1,1,11.64470588,0.785555556,80,0.898876404,8,0.888888888888889
"120","PTPT",0,0,2,1,2,2,21,113,134,0.777777778,0.904761905,0.911504425,14.18857143,8.319646018,87,0.649253731,9,1
"121","Control",0,0,0,2,2,2,22,131,153,0.888888889,0.772727273,0.916030534,17.02363636,7.207633588,97,0.633986928,9,1
"122","HCHC",2,0,0,2,2,2,11,64,75,0.777777778,0.818181818,0.96875,19.81454545,9.181875,43,0.573333333,7,0.777777777777778
"123","HCC7",1,1,0,2,2,2,7,31,38,0.666666667,0.857142857,0.870967742,25.91428571,8.054193548,21,0.552631579,8,0.888888888888889
"124","HCPT",1,0,1,2,2,2,12,96,108,0.666666667,1,0.90625,9.713333333,1.544583333,96,0.888888889,9,1
"125","C7C7",0,2,0,2,2,2,16,94,110,0.777777778,1,1,18.105,6.464255319,73,0.663636364,8,0.888888888888889
"126","C7PT",0,1,1,2,2,2,22,119,141,0.333333333,1,0.907563025,4.389090909,2.127058824,126,0.893617021,7,0.777777777777778
"127","PTPT",0,0,2,2,2,2,20,120,140,0.888888889,0.9,0.775,13.484,1.373666667,122,0.871428571,8,0.888888888888889
"128","Control",0,0,0,3,2,2,16,174,190,0.888888889,0.875,0.867816092,14.355,7.348965517,127,0.668421053,8,0.888888888888889
"129","HCHC",2,0,0,3,2,2,14,84,98,0.777777778,0.928571429,0.976190476,13.20285714,5.788571429,69,0.704081633,8,0.888888888888889
"130","HCC7",1,1,0,3,2,2,15,71,86,0.777777778,0.733333333,0.957746479,16.64533333,7.198309859,55,0.639534884,2,0.222222222222222
"131","HCPT",1,0,1,3,2,2,18,105,123,1,0.888888889,0.923809524,14.98222222,6.641142857,85,0.691056911,7,0.777777777777778
"132","C7C7",0,2,0,3,2,2,17,97,114,0.666666667,0.941176471,0.979381443,6.369411765,4.173608247,90,0.789473684,9,1
"133","C7PT",0,1,1,3,2,2,14,79,93,0.555555556,0.928571429,0.974683544,11.18285714,1.981772152,79,0.849462366,6,0.666666666666667
"134","PTPT",0,0,2,3,2,2,20,141,161,0.777777778,0.95,0.758865248,9.07,4.52,130,0.807453416,8,0.888888888888889
"135","Control",0,0,0,4,2,2,20,110,130,0.666666667,0.65,0.854545455,8.242,1.348,116,0.892307692,9,1
"136","HCHC",2,0,0,4,2,2,15,88,103,0.555555556,0.8,0.795454545,7.218666667,1.363636364,92,0.893203883,9,1
"137","HCC7",1,1,0,4,2,2,17,82,99,0.888888889,0.823529412,0.853658537,17.04,13.71902439,44,0.444444444,8,0.888888888888889
"138","HCPT",1,0,1,4,2,2,16,115,131,0.888888889,1,0.87826087,9.0525,6.950956522,90,0.687022901,5,0.555555555555556
"139","C7C7",0,2,0,4,2,2,8,23,31,0.777777778,1,1,26.21,25.4,0,0,9,1
"140","C7PT",0,1,1,4,2,2,5,18,23,0.666666667,1,1,24.968,24.21777778,2,0.086956522,7,0.777777777777778
"141","PTPT",0,0,2,4,2,2,18,94,112,1,0.611111111,0.585106383,20.53777778,17.24340426,34,0.303571429,9,1
"142","Control",0,0,0,5,2,2,22,147,169,0.888888889,0.954545455,0.789115646,6.96,3.397006803,143,0.846153846,7,0.777777777777778
"143","HCHC",2,0,0,5,2,2,11,141,152,0.888888889,0.818181818,0.936170213,19.06181818,7.753475177,103,0.677631579,9,1
"144","HCC7",1,1,0,5,2,2,2,20,22,0.666666667,0.5,0.7,24.14,22.968,2,0.090909091,5,0.555555555555556
"145","HCPT",1,0,1,5,2,2,16,160,176,0.777777778,1,0.8125,8.8375,3.54775,148,0.840909091,9,1
"146","C7C7",0,2,0,5,2,2,17,135,152,0.666666667,0.941176471,1,5.68,1.159703704,141,0.927631579,5,0.555555555555556
"147","C7PT",0,1,1,5,2,2,18,148,166,0.666666667,1,0.986486486,9.157777778,5.345135135,124,0.746987952,9,1
"148","PTPT",0,0,2,5,2,2,28,177,205,0.777777778,0.928571429,0.892655367,15.39571429,7.314350282,139,0.67804878,8,0.888888888888889
"149","Control",0,0,0,6,2,2,21,134,155,0.444444444,0.904761905,0.835820896,3.80952381,2.871940299,133,0.858064516,3,0.333333333333333
"150","HCHC",2,0,0,6,2,2,14,118,132,0.888888889,1,0.974576271,14.38571429,2.595254237,112,0.848484848,9,1
"151","HCHC",2,0,0,6,2,2,14,118,132,0.888888889,1,0.974576271,14.38571429,2.595254237,112,0.848484848,9,1
"152","HCC7",1,1,0,6,2,2,18,119,137,0.666666667,1,0.991596639,11.64888889,4.225210084,108,0.788321168,9,1
"153","HCPT",1,0,1,6,2,2,24,113,137,0.666666667,1,0.734513274,6.868333333,4.773097345,108,0.788321168,5,0.555555555555556
"154","C7C7",0,2,0,6,2,2,8,22,30,1,1,1,25.175,25.11272727,1,0.033333333,5,0.555555555555556
"155","C7PT",0,1,1,6,2,2,5,39,44,0.666666667,1,0.282051282,24.968,4.014358974,32,0.727272727,8,0.888888888888889
"156","PTPT",0,0,2,6,2,2,26,207,233,0.888888889,0.884615385,0.748792271,17.03076923,8.690048309,147,0.630901288,8,0.888888888888889
"157","C7PT",0,1,1,7,2,2,14,109,123,0.888888889,1,0.972477064,11.52857143,4.473761468,98,0.796747967,8,0.888888888888889
"158","PTPT",0,0,2,7,2,2,23,145,168,0.777777778,1,0.84137931,5.427826087,1.584,154,0.916666667,8,0.888888888888889
"159","HCPT",1,0,1,7,2,2,18,92,110,0.666666667,0.833333333,0.826086957,10.07777778,4.250869565,88,0.8,4,0.444444444444444
"160","Control",0,0,0,1,2,4,22,305,327,1,0.727272727,0.790163934,23.98363636,11.31829508,169,0.516819572,8,0.888888888888889
"161","HCHC",2,0,0,1,2,4,7,138,145,1,0.714285714,0.855072464,27.09714286,16.85304348,42,0.289655172,9,1
"162","HCC7",1,1,0,1,2,4,4,95,99,0.888888889,1,0.505263158,19.14,11.75452632,53,0.535353535,8,0.888888888888889
"163","HCPT",1,0,1,1,2,4,11,126,137,1,1,0.920634921,19.06181818,15.90222222,52,0.379562044,8,0.888888888888889
"164","C7PT",0,1,1,1,2,4,4,123,127,0.444444444,0.75,0.991869919,17.07,0.459837398,122,0.960629921,8,0.888888888888889
"165","PTPT",0,0,2,1,2,4,16,187,203,0.888888889,0.9375,0.855614973,18.8375,9.847700535,112,0.551724138,9,1
"166","Control",0,0,0,2,2,4,15,275,290,1,1,0.876363636,26.624,12.66094545,139,0.479310345,9,1
"167","HCHC",2,0,0,2,2,4,6,118,124,1,1,0.898305085,24.14,22.74949153,14,0.112903226,7,0.777777777777778
"168","HCC7",1,1,0,2,2,4,1,37,38,0.333333333,1,0.972972973,20,7.605405405,25,0.657894737,8,0.888888888888889
"169","HCPT",1,0,1,2,2,4,13,186,199,1,0.923076923,0.887096774,17.93230769,6.007096774,141,0.708542714,9,1
"170","C7C7",0,2,0,2,2,4,3,99,102,0.666666667,1,1,25.52,8.123232323,65,0.637254902,8,0.888888888888889
"171","C7PT",0,1,1,2,2,4,16,195,211,1,0.875,0.866666667,20.9075,7.71774359,136,0.644549763,7,0.777777777777778
"172","PTPT",0,0,2,2,2,4,21,339,360,1,0.857142857,0.820058997,25.12571429,7.660176991,234,0.65,8,0.888888888888889
"173","Control",0,0,0,3,2,4,13,274,287,1,1,0.759124088,22.92,11.40029197,142,0.494773519,8,0.888888888888889
"174","HCHC",2,0,0,3,2,4,9,125,134,0.888888889,0.888888889,0.952,17.01333333,10.7872,73,0.544776119,8,0.888888888888889
"175","HCC7",1,1,0,3,2,4,5,128,133,0.666666667,1,0.9765625,26.624,10.2059375,78,0.586466165,2,0.222222222222222
"176","HCPT",1,0,1,3,2,4,11,155,166,1,1,0.967741935,25.26909091,11.98348387,82,0.493975904,7,0.777777777777778
"177","C7C7",0,2,0,3,2,4,6,152,158,0.777777778,1,0.967105263,23.56666667,2.903947368,133,0.841772152,9,1
"178","C7PT",0,1,1,3,2,4,3,18,21,0.555555556,1,1,22.76,16.55333333,6,0.285714286,6,0.666666666666667
"179","PTPT",0,0,2,3,2,4,12,213,225,1,0.916666667,0.727699531,20.52,9.931455399,133,0.591111111,8,0.888888888888889
"180","Control",0,0,0,4,2,4,14,224,238,1,0.857142857,0.776785714,16.65142857,5.806964286,170,0.714285714,9,1
"181","HCHC",2,0,0,4,2,4,8,160,168,0.777777778,0.75,0.95625,23.71,5.85825,122,0.726190476,9,1
"182","HCC7",1,1,0,4,2,4,8,114,122,0.888888889,1,0.938596491,14.57,8.44,78,0.639344262,8,0.888888888888889
"183","HCPT",1,0,1,4,2,4,11,137,148,1,0.818181818,0.897810219,18.30909091,9.696350365,86,0.581081081,5,0.555555555555556
"184","C7C7",0,2,0,4,2,4,2,16,18,0.444444444,0.5,1,24.14,27.7625,0,0,9,1
"185","C7PT",0,1,1,4,2,4,2,43,45,0.666666667,1,0.976744186,20,26.08186047,1,0.022222222,7,0.777777777777778
"186","PTPT",0,0,2,4,2,4,9,64,73,1,0.333333333,0.359375,24.21777778,23.8275,2,0.02739726,9,1
"187","Control",0,0,0,5,2,4,13,238,251,0.888888889,0.923076923,0.869747899,23.82153846,8.183865546,158,0.629482072,7,0.777777777777778
"188","HCHC",2,0,0,5,2,4,3,60,63,1,1,0.983333333,28.28,23.244,6,0.095238095,9,1
"189","HCC7",1,1,0,5,2,4,1,5,6,0.333333333,1,0.8,20,21.656,0,0,5,0.555555555555556
"190","HCPT",1,0,1,5,2,4,13,146,159,1,1,0.897260274,20.48,9.325479452,95,0.597484277,9,1
"191","C7C7",0,2,0,5,2,4,4,81,85,0.666666667,1,1,26.21,6.267160494,61,0.717647059,5,0.555555555555556
"192","C7PT",0,1,1,5,2,4,9,84,93,0.888888889,1,0.642857143,24.6,22.83428571,3,0.032258065,9,1
"193","PTPT",0,0,2,5,2,4,19,226,245,1,0.894736842,0.876106195,24.35789474,14.75893805,94,0.383673469,8,0.888888888888889
"194","Control",0,0,0,6,2,4,16,221,237,0.888888889,0.625,0.751131222,16.1225,4.63438914,182,0.767932489,3,0.333333333333333
"195","HCHC",2,0,0,6,2,4,1,17,18,0.333333333,1,0.941176471,28.28,24.46588235,2,0.111111111,9,1
"196","HCHC",2,0,0,6,2,4,1,17,18,0.333333333,1,0.941176471,28.28,24.46588235,2,0.111111111,9,1
"197","HCC7",1,1,0,6,2,4,5,49,54,0.888888889,0.8,0.959183673,24.968,21.39591837,9,0.166666667,9,1
"198","HCPT",1,0,1,6,2,4,12,167,179,0.777777778,1,0.922155689,20.11666667,10.88670659,93,0.519553073,5,0.555555555555556
"199","C7C7",0,2,0,6,2,4,1,12,13,0.666666667,0,0.916666667,28.28,19.71333333,1,0.076923077,5,0.555555555555556
"200","C7PT",0,1,1,6,2,4,1,28,29,0.444444444,1,0.928571429,28.28,25.02714286,0,0,8,0.888888888888889
"201","PTPT",0,0,2,6,2,4,15,274,289,1,0.933333333,0.737226277,21.74933333,12.85824818,140,0.484429066,8,0.888888888888889
"202","C7PT",0,1,1,7,2,4,8,83,91,1,0.875,0.43373494,24.14,18.11518072,19,0.208791209,8,0.888888888888889
"203","PTPT",0,0,2,7,2,4,18,173,191,1,0.833333333,0.780346821,23.94888889,5.50566474,133,0.696335079,8,0.888888888888889
"204","HCPT",1,0,1,7,2,4,11,138,149,0.888888889,0.909090909,0.869565217,17.55636364,5.477681159,109,0.731543624,4,0.444444444444444
"205","Control",0,0,0,1,2,6,24,419,443,1,0.75,0.821002387,21.985,15.24792363,163,0.367945824,8,0.888888888888889
"206","HCHC",2,0,0,1,2,6,2,111,113,1,1,0.927927928,14.14,17.14342342,33,0.292035398,9,1
"207","HCC7",1,1,0,1,2,6,6,61,67,0.888888889,0.833333333,0.868852459,16.09333333,21.72065574,10,0.149253731,8,0.888888888888889
"208","HCPT",1,0,1,1,2,6,8,139,147,0.888888889,0.75,0.805755396,22.675,17.67021583,47,0.319727891,8,0.888888888888889
"209","C7PT",0,1,1,1,2,6,6,100,106,0.777777778,1,0.96,12.76,3.6624,88,0.830188679,8,0.888888888888889
"210","PTPT",0,0,2,1,2,6,18,336,354,1,0.722222222,0.779761905,23.94888889,14.49452381,144,0.406779661,9,1
"211","Control",0,0,0,2,2,6,16,348,364,1,0.8125,0.908045977,21.1225,15.17195402,139,0.381868132,9,1
"212","HCHC",2,0,0,2,2,6,4,85,89,0.666666667,0.75,0.976470588,24.14,24.49741176,2,0.02247191,7,0.777777777777778
"213","HCC7",1,1,0,2,2,6,1,35,36,0.444444444,1,0.971428571,20,10.32571429,19,0.527777778,8,0.888888888888889
"214","HCPT",1,0,1,2,2,6,9,213,222,0.888888889,0.888888889,0.953051643,12.95111111,8.396244131,140,0.630630631,9,1
"215","C7C7",0,2,0,2,2,6,2,98,100,0.777777778,1,0.969387755,28.28,9.001632653,63,0.63,8,0.888888888888889
"216","C7PT",0,1,1,2,2,6,10,173,183,1,0.7,0.861271676,22.968,10.26982659,98,0.535519126,7,0.777777777777778
"217","PTPT",0,0,2,2,2,6,16,264,280,0.888888889,0.9375,0.825757576,25.175,12.72575758,125,0.446428571,8,0.888888888888889
"218","Control",0,0,0,3,2,6,14,293,307,1,1,0.754266212,24.48571429,13.65788396,132,0.429967427,8,0.888888888888889
"219","HCHC",2,0,0,3,2,6,11,126,137,0.888888889,1,0.928571429,22.69818182,10.40031746,71,0.518248175,8,0.888888888888889
"220","HCC7",1,1,0,3,2,6,1,78,79,0.666666667,1,0.987179487,28.28,7.896410256,53,0.670886076,2,0.222222222222222
"221","HCPT",1,0,1,3,2,6,12,175,187,1,0.75,0.92,23.45,11.9184,91,0.486631016,7,0.777777777777778
"222","C7C7",0,2,0,3,2,6,1,90,91,0.777777778,1,0.966666667,28.28,7.027555556,65,0.714285714,9,1
"223","C7PT",0,1,1,3,2,6,10,31,41,0.555555556,1,0.967741935,22.484,20.93677419,6,0.146341463,6,0.666666666666667
"224","PTPT",0,0,2,3,2,6,9,280,289,1,0.777777778,0.760714286,21.84,9.707857143,171,0.591695502,8,0.888888888888889
"225","Control",0,0,0,4,2,6,10,209,219,0.888888889,0.8,0.717703349,22.968,7.207464115,150,0.684931507,9,1
"226","HCHC",2,0,0,4,2,6,3,125,128,0.666666667,1,0.928,25.52,7.27232,87,0.6796875,9,1
"227","HCC7",1,1,0,4,2,6,4,93,97,0.777777778,1,0.935483871,19.14,8.929462366,62,0.639175258,8,0.888888888888889
"228","HCPT",1,0,1,4,2,6,7,152,159,0.777777778,1,0.914473684,25.91428571,12.06578947,81,0.509433962,5,0.555555555555556
"229","C7C7",0,2,0,4,2,6,0,13,13,0.333333333,NA,1,NA,27.64307692,0,0,9,1
"230","C7PT",0,1,1,4,2,6,1,23,24,0.666666667,1,0.913043478,28.28,25.10086957,2,0.083333333,7,0.777777777777778
"231","PTPT",0,0,2,4,2,6,5,31,36,0.888888889,0.6,0.451612903,24.968,24.16258065,1,0.027777778,9,1
"232","Control",0,0,0,5,2,6,16,341,357,1,0.625,0.741935484,23.105,14.76093842,127,0.355742297,7,0.777777777777778
"233","HCHC",2,0,0,5,2,6,3,90,93,1,0.666666667,0.944444444,28.28,24.14844444,7,0.075268817,9,1
"234","HCC7",1,1,0,5,2,6,1,12,13,0.444444444,0,0.666666667,28.28,24.83,0,0,5,0.555555555555556
"235","HCPT",1,0,1,5,2,6,10,230,240,1,1,0.791304348,23.312,15.11704348,93,0.3875,9,1
"236","C7C7",0,2,0,5,2,6,4,161,165,0.777777778,1,0.968944099,26.21,9.201987578,101,0.612121212,5,0.555555555555556
"237","C7PT",0,1,1,5,2,6,2,46,48,0.444444444,1,0.760869565,24.14,22.7,0,0,9,1
"238","PTPT",0,0,2,5,2,6,18,309,327,1,0.888888889,0.825242718,24.40888889,16.4820712,110,0.336391437,8,0.888888888888889
"239","Control",0,0,0,6,2,6,10,286,296,1,0.7,0.737762238,19.656,9.373706294,172,0.581081081,3,0.333333333333333
"240","HCHC",2,0,0,6,2,6,1,17,18,0.222222222,1,1,28.28,26.81882353,0,0,9,1
"241","HCHC",2,0,0,6,2,6,1,17,18,0.222222222,1,1,28.28,26.81882353,0,0,9,1
"242","HCC7",1,1,0,6,2,6,4,75,79,0.555555556,1,0.973333333,19.14,23.0368,7,0.088607595,9,1
"243","HCPT",1,0,1,6,2,6,10,271,281,1,0.7,0.859778598,22.14,9.97904059,155,0.551601423,5,0.555555555555556
"244","C7C7",0,2,0,6,2,6,0,21,21,0.444444444,NA,1,NA,9.918095238,11,0.523809524,5,0.555555555555556
"245","C7PT",0,1,1,6,2,6,0,14,14,0.444444444,NA,0.857142857,NA,25.32285714,0,0,8,0.888888888888889
"246","PTPT",0,0,2,6,2,6,13,390,403,1,0.846153846,0.769230769,23.55692308,16.47025641,134,0.332506203,8,0.888888888888889
"247","C7PT",0,1,1,7,2,6,6,37,43,0.777777778,1,0.972972973,24.14,22.05189189,2,0.046511628,8,0.888888888888889
"248","PTPT",0,0,2,7,2,6,20,247,267,1,0.9,0.744939271,21.554,11.92906883,130,0.486891386,8,0.888888888888889
"249","HCPT",1,0,1,7,2,6,7,191,198,1,0.857142857,0.869109948,23.54857143,9.580104712,114,0.575757576,4,0.444444444444444
